ChildID	ParentID
1	1
1	336
1	342
1	351
1	353
1	385
1	579
1	582
1	596
1	597
1	598
1	2060
2	2
2	336
2	340
2	352
2	353
2	594
2	595
2	598
2	603
2	604
2	2060
3	3
3	336
3	343
3	351
3	353
3	360
3	385
3	579
3	596
3	597
3	598
3	634
3	2060
4	4
4	336
4	345
4	351
4	353
4	360
4	385
4	579
4	596
4	597
4	598
4	2060
5	5
5	336
5	351
5	353
5	385
5	579
5	596
5	597
5	598
5	2060
5	2072
6	6
6	336
6	343
6	351
6	353
6	360
6	385
6	579
6	596
6	597
6	598
6	634
6	2060
7	7
7	336
7	344
7	351
7	353
7	385
7	579
7	596
7	597
7	598
7	2060
8	8
8	336
8	351
8	353
8	385
8	531
8	579
8	596
8	597
8	598
8	2060
9	9
9	336
9	344
9	351
9	353
9	385
9	579
9	596
9	597
9	598
9	2060
10	10
10	335
10	336
10	351
10	353
10	385
10	579
10	596
10	597
10	598
10	2060
11	11
11	352
11	353
11	419
11	594
11	595
11	598
11	2060
12	12
12	336
12	344
12	351
12	353
12	385
12	579
12	596
12	597
12	598
12	2060
13	13
13	336
13	337
13	351
13	353
13	385
13	579
13	596
13	597
13	598
13	2060
14	14
14	336
14	342
14	351
14	353
14	375
14	385
14	579
14	596
14	597
14	598
14	2060
15	15
15	336
15	351
15	353
15	385
15	579
15	596
15	597
15	598
15	2060
15	2072
16	16
16	336
16	344
16	351
16	353
16	385
16	579
16	596
16	597
16	598
16	2060
17	17
17	336
17	350
17	351
17	353
17	385
17	579
17	596
17	597
17	598
17	2060
18	18
18	336
18	350
18	351
18	353
18	385
18	579
18	596
18	597
18	598
18	2060
19	19
19	336
19	345
19	351
19	353
19	360
19	385
19	579
19	596
19	597
19	598
19	2060
20	20
20	336
20	340
20	352
20	353
20	594
20	595
20	598
20	604
20	618
20	2060
21	21
21	336
21	340
21	352
21	353
21	594
21	595
21	598
21	604
21	628
21	2060
22	22
22	336
22	340
22	352
22	353
22	594
22	595
22	598
22	604
22	628
22	2060
23	23
23	336
23	345
23	351
23	353
23	360
23	385
23	579
23	596
23	597
23	598
23	2060
24	24
24	336
24	340
24	352
24	353
24	594
24	595
24	598
24	603
24	604
24	2060
25	25
25	336
25	351
25	353
25	385
25	579
25	596
25	597
25	598
25	608
25	2060
26	26
26	336
26	343
26	351
26	353
26	360
26	385
26	579
26	596
26	597
26	598
26	634
26	2060
27	27
27	336
27	345
27	351
27	353
27	360
27	385
27	579
27	596
27	597
27	598
27	2060
28	28
28	336
28	342
28	351
28	353
28	385
28	579
28	582
28	596
28	597
28	598
28	2060
29	29
29	336
29	344
29	351
29	353
29	385
29	579
29	596
29	597
29	598
29	2060
30	30
30	336
30	349
30	351
30	353
30	385
30	579
30	596
30	597
30	598
30	2060
31	31
31	336
31	344
31	351
31	353
31	385
31	579
31	596
31	597
31	598
31	2060
32	32
32	336
32	343
32	351
32	353
32	360
32	385
32	579
32	596
32	597
32	598
32	634
32	2060
33	33
33	336
33	350
33	351
33	353
33	385
33	579
33	596
33	597
33	598
33	2060
34	34
34	336
34	350
34	351
34	353
34	385
34	579
34	596
34	597
34	598
34	2060
35	35
35	336
35	342
35	351
35	353
35	385
35	579
35	582
35	596
35	597
35	598
35	2060
36	36
36	336
36	344
36	351
36	353
36	385
36	579
36	596
36	597
36	598
36	2060
37	37
37	336
37	348
37	351
37	353
37	577
37	579
37	596
37	597
37	598
37	2060
38	38
38	336
38	344
38	351
38	353
38	385
38	579
38	596
38	597
38	598
38	2060
39	39
39	336
39	344
39	351
39	353
39	385
39	579
39	596
39	597
39	598
39	2060
40	40
40	336
40	344
40	351
40	353
40	385
40	579
40	596
40	597
40	598
40	2060
41	41
41	336
41	351
41	353
41	385
41	579
41	596
41	597
41	598
41	606
41	2060
42	42
42	336
42	351
42	353
42	385
42	579
42	596
42	597
42	598
42	608
42	2060
43	43
43	336
43	345
43	351
43	353
43	360
43	385
43	579
43	596
43	597
43	598
43	2060
44	44
44	336
44	345
44	351
44	353
44	360
44	385
44	579
44	596
44	597
44	598
44	2060
45	45
45	336
45	344
45	351
45	353
45	385
45	579
45	596
45	597
45	598
45	2060
48	48
48	346
48	352
48	353
48	594
48	595
48	598
48	2060
49	49
49	336
49	351
49	353
49	385
49	578
49	579
49	596
49	597
49	598
49	2060
50	50
50	336
50	340
50	352
50	353
50	594
50	595
50	598
50	603
50	604
50	2060
51	51
51	352
51	353
51	419
51	594
51	595
51	598
51	2060
53	53
53	335
53	336
53	351
53	353
53	385
53	579
53	596
53	597
53	598
53	2060
54	54
54	336
54	342
54	351
54	353
54	385
54	579
54	582
54	596
54	597
54	598
54	2060
55	55
55	336
55	342
55	351
55	353
55	385
55	579
55	582
55	596
55	597
55	598
55	2060
56	56
56	336
56	342
56	351
56	353
56	385
56	579
56	582
56	596
56	597
56	598
56	2060
57	57
57	336
57	351
57	353
57	385
57	578
57	579
57	596
57	597
57	598
57	2060
58	58
58	336
58	340
58	352
58	353
58	594
58	595
58	598
58	604
58	618
58	2060
59	59
59	336
59	351
59	353
59	385
59	578
59	579
59	596
59	597
59	598
59	2060
60	60
60	336
60	344
60	351
60	353
60	385
60	579
60	596
60	597
60	598
60	2060
61	61
61	336
61	345
61	351
61	353
61	360
61	385
61	579
61	596
61	597
61	598
61	2060
62	62
62	336
62	344
62	351
62	353
62	385
62	579
62	596
62	597
62	598
62	2060
63	63
63	336
63	343
63	351
63	353
63	360
63	385
63	579
63	596
63	597
63	598
63	634
63	2060
64	64
64	336
64	345
64	351
64	353
64	360
64	385
64	579
64	596
64	597
64	598
64	2060
65	65
65	336
65	349
65	351
65	353
65	385
65	579
65	596
65	597
65	598
65	2060
66	66
66	336
66	348
66	351
66	353
66	577
66	579
66	596
66	597
66	598
66	2060
67	67
67	335
67	336
67	351
67	353
67	385
67	579
67	596
67	597
67	598
67	2060
68	68
68	336
68	342
68	351
68	353
68	385
68	579
68	582
68	596
68	597
68	598
68	2060
69	69
69	336
69	344
69	351
69	353
69	385
69	579
69	596
69	597
69	598
69	2060
70	70
70	336
70	351
70	353
70	385
70	578
70	579
70	596
70	597
70	598
70	2060
71	71
71	336
71	351
71	353
71	385
71	578
71	579
71	596
71	597
71	598
71	2060
73	73
73	336
73	342
73	343
73	351
73	353
73	360
73	385
73	579
73	583
73	596
73	597
73	598
73	634
73	2060
74	74
74	336
74	342
74	351
74	353
74	375
74	385
74	579
74	596
74	597
74	598
74	2060
75	75
75	336
75	343
75	351
75	353
75	360
75	385
75	579
75	596
75	597
75	598
75	634
75	2060
76	76
76	336
76	345
76	351
76	353
76	360
76	385
76	579
76	596
76	597
76	598
76	2060
77	77
77	336
77	344
77	351
77	353
77	385
77	579
77	596
77	597
77	598
77	2060
78	78
78	336
78	344
78	351
78	353
78	385
78	579
78	596
78	597
78	598
78	2060
79	79
79	336
79	342
79	351
79	353
79	385
79	579
79	582
79	596
79	597
79	598
79	2060
80	80
80	336
80	340
80	352
80	353
80	594
80	595
80	598
80	603
80	604
80	2060
81	81
81	336
81	344
81	351
81	353
81	385
81	579
81	596
81	597
81	598
81	2060
82	82
82	336
82	344
82	351
82	353
82	385
82	579
82	596
82	597
82	598
82	2060
83	83
83	336
83	345
83	351
83	353
83	360
83	385
83	579
83	596
83	597
83	598
83	2060
84	84
84	336
84	342
84	351
84	353
84	375
84	385
84	579
84	596
84	597
84	598
84	2060
85	85
85	336
85	342
85	351
85	353
85	385
85	579
85	582
85	596
85	597
85	598
85	2060
86	86
86	336
86	343
86	351
86	353
86	360
86	385
86	579
86	596
86	597
86	598
86	634
86	2060
87	87
87	336
87	345
87	351
87	353
87	360
87	385
87	579
87	596
87	597
87	598
87	2060
88	88
88	336
88	350
88	351
88	353
88	385
88	579
88	596
88	597
88	598
88	2060
89	89
89	336
89	349
89	351
89	353
89	385
89	579
89	596
89	597
89	598
89	2060
90	90
90	336
90	347
90	351
90	353
90	385
90	579
90	596
90	597
90	598
90	2060
91	91
91	336
91	338
91	351
91	353
91	385
91	579
91	596
91	597
91	598
91	2060
92	92
92	346
92	352
92	353
92	594
92	595
92	598
92	2060
93	93
93	336
93	348
93	351
93	353
93	577
93	579
93	596
93	597
93	598
93	2060
95	95
95	336
95	351
95	353
95	385
95	578
95	579
95	596
95	597
95	598
95	2060
96	96
96	336
96	350
96	351
96	353
96	385
96	579
96	596
96	597
96	598
96	2060
97	97
97	336
97	344
97	351
97	353
97	385
97	579
97	596
97	597
97	598
97	2060
98	98
98	336
98	344
98	351
98	353
98	385
98	579
98	596
98	597
98	598
98	2060
99	99
99	336
99	342
99	351
99	353
99	385
99	579
99	582
99	596
99	597
99	598
99	2060
100	100
100	336
100	338
100	351
100	353
100	385
100	579
100	596
100	597
100	598
100	2060
101	101
101	336
101	351
101	353
101	577
101	579
101	596
101	597
101	598
101	2060
102	102
102	336
102	351
102	353
102	385
102	579
102	596
102	597
102	598
102	2060
102	2072
103	103
103	352
103	353
103	419
103	594
103	595
103	598
103	2060
104	104
104	336
104	340
104	352
104	353
104	594
104	595
104	598
104	604
104	629
104	2060
105	105
105	336
105	340
105	352
105	353
105	594
105	595
105	598
105	603
105	604
105	2060
106	106
106	336
106	351
106	353
106	385
106	579
106	596
106	597
106	598
106	608
106	2060
107	107
107	336
107	340
107	352
107	353
107	594
107	595
107	598
107	604
107	618
107	2060
108	108
108	336
108	347
108	351
108	353
108	385
108	579
108	596
108	597
108	598
108	2060
109	109
109	336
109	344
109	351
109	353
109	385
109	579
109	596
109	597
109	598
109	2060
110	110
110	336
110	351
110	353
110	385
110	579
110	596
110	597
110	598
110	608
110	2060
111	111
111	352
111	353
111	419
111	594
111	595
111	598
111	2060
112	112
112	336
112	344
112	351
112	353
112	385
112	579
112	596
112	597
112	598
112	2060
113	113
113	336
113	349
113	351
113	353
113	385
113	579
113	596
113	597
113	598
113	2060
114	114
114	336
114	351
114	353
114	385
114	579
114	596
114	597
114	598
114	608
114	2060
115	115
115	336
115	345
115	351
115	353
115	360
115	385
115	579
115	596
115	597
115	598
115	2060
116	116
116	336
116	337
116	351
116	353
116	385
116	579
116	596
116	597
116	598
116	2060
117	117
117	336
117	337
117	351
117	353
117	385
117	579
117	596
117	597
117	598
117	2060
118	118
118	336
118	344
118	351
118	353
118	385
118	579
118	596
118	597
118	598
118	2060
119	119
119	336
119	342
119	351
119	353
119	385
119	579
119	582
119	596
119	597
119	598
119	2060
120	120
120	336
120	343
120	351
120	353
120	360
120	385
120	579
120	596
120	597
120	598
120	2060
121	121
121	336
121	351
121	353
121	385
121	531
121	579
121	596
121	597
121	598
121	2060
122	122
122	336
122	340
122	352
122	353
122	594
122	595
122	598
122	604
122	2060
123	123
123	336
123	337
123	351
123	353
123	385
123	579
123	596
123	597
123	598
123	2060
124	124
124	336
124	342
124	351
124	353
124	385
124	579
124	582
124	596
124	597
124	598
124	2060
126	126
126	336
126	344
126	351
126	353
126	385
126	579
126	596
126	597
126	598
126	2060
129	129
129	336
129	344
129	351
129	353
129	385
129	579
129	596
129	597
129	598
129	2060
130	130
130	336
130	348
130	351
130	353
130	577
130	579
130	596
130	597
130	598
130	2060
131	131
131	336
131	337
131	351
131	353
131	385
131	579
131	596
131	597
131	598
131	2060
132	132
132	336
132	340
132	352
132	353
132	594
132	595
132	598
132	603
132	604
132	2060
133	133
133	336
133	345
133	351
133	353
133	360
133	385
133	579
133	596
133	597
133	598
133	2060
134	134
134	336
134	343
134	351
134	353
134	360
134	385
134	579
134	596
134	597
134	598
134	634
134	2060
135	135
135	336
135	340
135	352
135	353
135	594
135	595
135	598
135	603
135	604
135	2060
136	136
136	336
136	344
136	351
136	353
136	385
136	579
136	596
136	597
136	598
136	2060
137	137
137	336
137	351
137	353
137	385
137	578
137	579
137	596
137	597
137	598
137	2060
138	138
138	336
138	347
138	351
138	353
138	385
138	579
138	596
138	597
138	598
138	2060
139	139
139	336
139	344
139	351
139	353
139	385
139	579
139	596
139	597
139	598
139	2060
140	140
140	336
140	340
140	352
140	353
140	594
140	595
140	598
140	603
140	604
140	2060
141	141
141	336
141	351
141	353
141	385
141	579
141	596
141	597
141	598
141	2060
141	2072
142	142
142	336
142	344
142	351
142	353
142	385
142	579
142	596
142	597
142	598
142	2060
143	143
143	336
143	349
143	351
143	353
143	385
143	579
143	596
143	597
143	598
143	2060
144	144
144	336
144	351
144	353
144	385
144	578
144	579
144	596
144	597
144	598
144	2060
145	145
145	336
145	338
145	351
145	353
145	385
145	579
145	596
145	597
145	598
145	2060
146	146
146	346
146	352
146	353
146	594
146	595
146	598
146	2060
149	149
149	336
149	351
149	353
149	385
149	579
149	596
149	597
149	598
149	606
149	2060
150	150
150	336
150	343
150	351
150	353
150	360
150	385
150	579
150	596
150	597
150	598
150	634
150	2060
151	151
151	336
151	345
151	351
151	353
151	360
151	385
151	579
151	596
151	597
151	598
151	2060
152	152
152	336
152	351
152	353
152	385
152	578
152	579
152	596
152	597
152	598
152	2060
153	153
153	336
153	347
153	351
153	353
153	385
153	579
153	596
153	597
153	598
153	2060
154	154
154	336
154	351
154	353
154	385
154	578
154	579
154	596
154	597
154	598
154	2060
155	155
155	336
155	351
155	353
155	385
155	579
155	596
155	597
155	598
155	606
155	2060
156	156
156	336
156	343
156	351
156	353
156	360
156	385
156	579
156	596
156	597
156	598
156	634
156	2060
157	157
157	336
157	344
157	351
157	353
157	385
157	579
157	596
157	597
157	598
157	2060
158	158
158	336
158	349
158	351
158	353
158	385
158	579
158	596
158	597
158	598
158	2060
159	159
159	336
159	349
159	351
159	353
159	385
159	579
159	596
159	597
159	598
159	2060
160	160
160	336
160	351
160	353
160	385
160	578
160	579
160	596
160	597
160	598
160	2060
161	161
161	336
161	344
161	351
161	353
161	385
161	579
161	596
161	597
161	598
161	2060
162	162
162	336
162	349
162	351
162	353
162	385
162	579
162	596
162	597
162	598
162	2060
163	163
163	336
163	343
163	351
163	353
163	360
163	385
163	579
163	596
163	597
163	598
163	2060
163	2079
164	164
164	352
164	353
164	419
164	594
164	595
164	598
164	2060
165	165
165	336
165	347
165	351
165	353
165	385
165	579
165	596
165	597
165	598
165	2060
166	166
166	352
166	353
166	419
166	594
166	595
166	598
166	2060
167	167
167	336
167	351
167	353
167	385
167	579
167	596
167	597
167	598
167	608
167	2060
168	168
168	336
168	350
168	351
168	353
168	385
168	579
168	596
168	597
168	598
168	2060
169	169
169	336
169	342
169	351
169	353
169	385
169	579
169	583
169	596
169	597
169	598
169	2060
170	170
170	336
170	343
170	351
170	353
170	360
170	385
170	579
170	596
170	597
170	598
170	634
170	2060
171	171
171	336
171	345
171	351
171	353
171	360
171	385
171	579
171	596
171	597
171	598
171	2060
172	172
172	346
172	352
172	353
172	594
172	595
172	598
172	2060
173	173
173	336
173	338
173	351
173	353
173	385
173	579
173	596
173	597
173	598
173	2060
174	174
174	336
174	351
174	353
174	385
174	531
174	579
174	596
174	597
174	598
174	2060
175	175
175	336
175	344
175	351
175	353
175	385
175	579
175	596
175	597
175	598
175	2060
176	176
176	335
176	336
176	351
176	353
176	385
176	579
176	596
176	597
176	598
176	2060
177	177
177	336
177	344
177	351
177	353
177	385
177	579
177	596
177	597
177	598
177	2060
178	178
178	335
178	336
178	351
178	353
178	385
178	579
178	596
178	597
178	598
178	2060
179	179
179	336
179	340
179	352
179	353
179	594
179	595
179	598
179	604
179	628
179	2060
180	180
180	336
180	340
180	352
180	353
180	594
180	595
180	598
180	604
180	628
180	2060
181	181
181	336
181	351
181	353
181	385
181	531
181	579
181	596
181	597
181	598
181	2060
182	182
182	336
182	338
182	351
182	353
182	385
182	579
182	596
182	597
182	598
182	2060
183	183
183	336
183	342
183	351
183	353
183	375
183	385
183	579
183	596
183	597
183	598
183	2060
184	184
184	336
184	344
184	351
184	353
184	385
184	579
184	596
184	597
184	598
184	2060
185	185
185	336
185	351
185	353
185	385
185	578
185	579
185	596
185	597
185	598
185	2060
186	186
186	336
186	340
186	352
186	353
186	594
186	595
186	598
186	603
186	604
186	2060
187	187
187	336
187	351
187	353
187	385
187	579
187	596
187	597
187	598
187	610
187	2060
188	188
188	336
188	344
188	351
188	353
188	385
188	579
188	596
188	597
188	598
188	2060
189	189
189	336
189	351
189	353
189	385
189	579
189	596
189	597
189	598
189	2060
190	190
190	336
190	344
190	351
190	353
190	385
190	579
190	596
190	597
190	598
190	2060
191	191
191	336
191	351
191	353
191	385
191	579
191	596
191	597
191	598
191	606
191	2060
192	192
192	336
192	344
192	351
192	353
192	385
192	579
192	596
192	597
192	598
192	2060
193	193
193	336
193	340
193	352
193	353
193	594
193	595
193	598
193	603
193	604
193	2060
194	194
194	336
194	351
194	353
194	385
194	578
194	579
194	596
194	597
194	598
194	2060
195	195
195	336
195	343
195	351
195	353
195	360
195	385
195	579
195	596
195	597
195	598
195	634
195	2060
196	196
196	336
196	344
196	351
196	353
196	385
196	579
196	596
196	597
196	598
196	2060
197	197
197	336
197	338
197	351
197	353
197	385
197	579
197	596
197	597
197	598
197	2060
198	198
198	336
198	351
198	353
198	385
198	579
198	596
198	597
198	598
198	608
198	2060
199	199
199	335
199	336
199	351
199	353
199	385
199	579
199	596
199	597
199	598
199	2060
200	200
200	336
200	344
200	351
200	353
200	385
200	579
200	596
200	597
200	598
200	2060
201	201
201	336
201	351
201	353
201	385
201	579
201	596
201	597
201	598
201	608
201	2060
202	202
202	336
202	338
202	351
202	353
202	385
202	579
202	596
202	597
202	598
202	2060
203	203
203	336
203	351
203	353
203	385
203	579
203	596
203	597
203	598
203	610
203	2060
204	204
204	346
204	352
204	353
204	594
204	595
204	598
204	2060
205	205
205	336
205	340
205	352
205	353
205	594
205	595
205	598
205	604
205	628
205	645
205	2060
206	206
206	346
206	352
206	353
206	594
206	595
206	598
206	2060
207	207
207	336
207	344
207	351
207	353
207	385
207	579
207	596
207	597
207	598
207	2060
208	208
208	336
208	337
208	351
208	353
208	385
208	579
208	596
208	597
208	598
208	2060
209	209
209	352
209	353
209	419
209	594
209	595
209	598
209	2060
210	210
210	336
210	351
210	353
210	385
210	578
210	579
210	596
210	597
210	598
210	2060
211	211
211	336
211	351
211	353
211	385
211	578
211	579
211	596
211	597
211	598
211	2060
212	212
212	336
212	349
212	351
212	353
212	385
212	579
212	596
212	597
212	598
212	2060
214	214
214	336
214	340
214	352
214	353
214	594
214	595
214	598
214	603
214	604
214	2060
215	215
215	336
215	343
215	351
215	353
215	360
215	385
215	579
215	596
215	597
215	598
215	634
215	2060
216	216
216	336
216	345
216	351
216	353
216	360
216	385
216	579
216	596
216	597
216	598
216	2060
217	217
217	336
217	338
217	351
217	353
217	385
217	579
217	596
217	597
217	598
217	2060
218	218
218	336
218	344
218	351
218	353
218	385
218	579
218	596
218	597
218	598
218	2060
219	219
219	336
219	350
219	351
219	353
219	385
219	579
219	596
219	597
219	598
219	2060
220	220
220	336
220	344
220	351
220	353
220	385
220	579
220	596
220	597
220	598
220	2060
221	221
221	336
221	337
221	351
221	353
221	385
221	579
221	596
221	597
221	598
221	2060
222	222
222	336
222	344
222	351
222	353
222	385
222	579
222	596
222	597
222	598
222	2060
223	223
223	336
223	351
223	353
223	385
223	578
223	579
223	596
223	597
223	598
223	2060
224	224
224	336
224	344
224	351
224	353
224	385
224	579
224	596
224	597
224	598
224	2060
225	225
225	336
225	345
225	351
225	353
225	360
225	385
225	579
225	596
225	597
225	598
225	2060
226	226
226	336
226	342
226	351
226	353
226	385
226	579
226	582
226	596
226	597
226	598
226	2060
227	227
227	336
227	340
227	352
227	353
227	594
227	595
227	598
227	603
227	604
227	2060
228	228
228	336
228	348
228	351
228	353
228	577
228	579
228	596
228	597
228	598
228	2060
229	120
229	229
229	336
229	343
229	351
229	353
229	360
229	385
229	579
229	596
229	597
229	598
229	2060
230	230
230	336
230	340
230	352
230	353
230	594
230	595
230	598
230	599
230	604
230	2060
231	231
231	336
231	344
231	351
231	353
231	385
231	579
231	596
231	597
231	598
231	2060
232	232
232	336
232	340
232	352
232	353
232	587
232	590
232	594
232	595
232	598
232	2060
232	2089
233	233
233	336
233	344
233	351
233	353
233	385
233	579
233	596
233	597
233	598
233	2060
234	234
234	336
234	340
234	352
234	353
234	594
234	595
234	598
234	599
234	604
234	2060
235	235
235	336
235	344
235	351
235	353
235	385
235	579
235	596
235	597
235	598
235	2060
236	236
236	336
236	340
236	352
236	353
236	594
236	595
236	598
236	599
236	604
236	2060
237	237
237	336
237	351
237	353
237	385
237	579
237	596
237	597
237	598
237	608
237	2060
238	238
238	352
238	353
238	419
238	594
238	595
238	598
238	2060
239	239
239	336
239	340
239	352
239	353
239	594
239	595
239	598
239	604
239	2060
240	240
240	336
240	344
240	351
240	353
240	385
240	579
240	596
240	597
240	598
240	2060
241	241
241	336
241	342
241	351
241	353
241	385
241	579
241	582
241	596
241	597
241	598
241	2060
242	242
242	352
242	353
242	419
242	594
242	595
242	598
242	2060
243	243
243	336
243	344
243	351
243	353
243	385
243	579
243	596
243	597
243	598
243	2060
244	244
244	336
244	344
244	351
244	353
244	385
244	579
244	596
244	597
244	598
244	2060
245	245
245	336
245	344
245	351
245	353
245	385
245	579
245	596
245	597
245	598
245	2060
246	246
246	336
246	342
246	351
246	353
246	385
246	579
246	582
246	596
246	597
246	598
246	2060
247	247
247	336
247	340
247	352
247	353
247	594
247	595
247	598
247	603
247	604
247	2060
248	248
248	336
248	342
248	351
248	353
248	385
248	579
248	582
248	596
248	597
248	598
248	2060
250	250
250	336
250	344
250	351
250	353
250	385
250	579
250	596
250	597
250	598
250	2060
251	251
251	336
251	344
251	351
251	353
251	385
251	579
251	596
251	597
251	598
251	2060
252	252
252	336
252	351
252	353
252	385
252	579
252	596
252	597
252	598
252	608
252	2060
254	254
254	336
254	351
254	353
254	385
254	579
254	596
254	597
254	598
254	608
254	2060
255	255
255	336
255	351
255	353
255	385
255	579
255	596
255	597
255	598
255	606
255	2060
256	256
256	336
256	351
256	353
256	385
256	579
256	596
256	597
256	598
256	608
256	2060
257	257
257	336
257	344
257	351
257	353
257	385
257	579
257	596
257	597
257	598
257	2060
259	259
259	336
259	340
259	352
259	353
259	594
259	595
259	598
259	603
259	604
259	2060
260	260
260	336
260	343
260	351
260	353
260	360
260	385
260	579
260	596
260	597
260	598
260	634
260	2060
261	261
261	336
261	351
261	353
261	385
261	579
261	596
261	597
261	598
261	606
261	2060
262	262
262	336
262	338
262	351
262	353
262	385
262	579
262	596
262	597
262	598
262	2060
263	263
263	336
263	342
263	351
263	353
263	385
263	579
263	583
263	596
263	597
263	598
263	2060
264	264
264	336
264	351
264	353
264	385
264	579
264	596
264	597
264	598
264	608
264	2060
265	265
265	336
265	351
265	353
265	385
265	531
265	579
265	596
265	597
265	598
265	2060
266	266
266	336
266	338
266	351
266	353
266	385
266	579
266	596
266	597
266	598
266	2060
267	267
267	336
267	342
267	351
267	353
267	385
267	579
267	582
267	596
267	597
267	598
267	2060
268	268
268	336
268	345
268	351
268	353
268	360
268	385
268	579
268	596
268	597
268	598
268	2060
269	269
269	336
269	340
269	352
269	353
269	594
269	595
269	598
269	604
269	624
269	2060
270	270
270	336
270	348
270	351
270	353
270	577
270	579
270	596
270	597
270	598
270	2060
271	271
271	336
271	344
271	351
271	353
271	385
271	579
271	596
271	597
271	598
271	2060
272	272
272	336
272	350
272	351
272	353
272	385
272	579
272	596
272	597
272	598
272	2060
273	273
273	336
273	351
273	353
273	385
273	579
273	596
273	597
273	598
273	2060
274	274
274	336
274	337
274	351
274	353
274	385
274	579
274	596
274	597
274	598
274	2060
275	275
275	336
275	350
275	351
275	353
275	385
275	579
275	596
275	597
275	598
275	2060
276	276
276	336
276	340
276	352
276	353
276	594
276	595
276	598
276	602
276	604
276	2060
277	277
277	336
277	351
277	353
277	385
277	579
277	596
277	597
277	598
277	608
277	2060
278	278
278	336
278	337
278	351
278	353
278	385
278	579
278	596
278	597
278	598
278	2060
279	279
279	336
279	340
279	352
279	353
279	594
279	595
279	598
279	604
279	628
279	2060
280	280
280	336
280	344
280	351
280	353
280	385
280	579
280	596
280	597
280	598
280	2060
281	281
281	336
281	340
281	352
281	353
281	594
281	595
281	598
281	603
281	604
281	2060
282	282
282	336
282	342
282	351
282	353
282	375
282	385
282	579
282	596
282	597
282	598
282	2060
283	283
283	336
283	344
283	351
283	353
283	385
283	579
283	596
283	597
283	598
283	2060
284	284
284	336
284	344
284	351
284	353
284	385
284	579
284	596
284	597
284	598
284	2060
285	285
285	336
285	342
285	351
285	353
285	385
285	579
285	582
285	596
285	597
285	598
285	2060
286	286
286	336
286	338
286	351
286	353
286	385
286	579
286	596
286	597
286	598
286	2060
287	287
287	336
287	350
287	351
287	353
287	385
287	579
287	596
287	597
287	598
287	2060
288	288
288	336
288	340
288	352
288	353
288	594
288	595
288	598
288	603
288	604
288	2060
289	289
289	336
289	342
289	351
289	353
289	385
289	579
289	582
289	596
289	597
289	598
289	2060
290	290
290	336
290	344
290	351
290	353
290	385
290	579
290	596
290	597
290	598
290	2060
291	291
291	336
291	342
291	351
291	353
291	385
291	579
291	582
291	596
291	597
291	598
291	2060
292	292
292	336
292	351
292	353
292	385
292	579
292	596
292	597
292	598
292	608
292	2060
293	293
293	336
293	351
293	353
293	385
293	579
293	596
293	597
293	598
293	608
293	2060
294	294
294	336
294	349
294	351
294	353
294	385
294	579
294	596
294	597
294	598
294	2060
295	295
295	336
295	351
295	353
295	385
295	579
295	596
295	597
295	598
295	608
295	2060
296	296
296	336
296	351
296	353
296	385
296	531
296	579
296	596
296	597
296	598
296	2060
297	297
297	336
297	340
297	352
297	353
297	594
297	595
297	598
297	604
297	627
297	2060
298	298
298	336
298	343
298	351
298	353
298	360
298	385
298	579
298	596
298	597
298	598
298	634
298	2060
299	299
299	336
299	345
299	351
299	353
299	360
299	385
299	579
299	596
299	597
299	598
299	2060
300	300
300	336
300	340
300	352
300	353
300	589
300	590
300	594
300	595
300	598
300	2060
301	301
301	336
301	345
301	351
301	353
301	360
301	385
301	579
301	596
301	597
301	598
301	2060
302	302
302	336
302	351
302	353
302	385
302	578
302	579
302	596
302	597
302	598
302	2060
303	303
303	336
303	351
303	353
303	579
303	597
303	598
303	2060
304	304
304	346
304	352
304	353
304	594
304	595
304	598
304	2060
305	305
305	336
305	342
305	351
305	353
305	385
305	579
305	582
305	596
305	597
305	598
305	2060
306	306
306	336
306	342
306	351
306	353
306	385
306	579
306	582
306	596
306	597
306	598
306	2060
307	307
307	352
307	353
307	419
307	594
307	595
307	598
307	2060
308	308
308	336
308	351
308	353
308	385
308	578
308	579
308	596
308	597
308	598
308	2060
309	309
309	336
309	351
309	353
309	385
309	578
309	579
309	596
309	597
309	598
309	2060
310	310
310	336
310	340
310	352
310	353
310	594
310	595
310	598
310	602
310	604
310	2060
311	311
311	336
311	340
311	352
311	353
311	588
311	590
311	594
311	595
311	598
311	2060
311	2089
313	313
313	336
313	350
313	351
313	353
313	385
313	579
313	596
313	597
313	598
313	2060
314	314
314	336
314	340
314	352
314	353
314	594
314	595
314	598
314	602
314	604
314	2060
315	315
315	352
315	353
315	419
315	594
315	595
315	598
315	2060
316	316
316	336
316	351
316	353
316	385
316	578
316	579
316	596
316	597
316	598
316	2060
317	317
317	346
317	352
317	353
317	594
317	595
317	598
317	2060
318	318
318	336
318	351
318	353
318	385
318	578
318	579
318	596
318	597
318	598
318	2060
319	319
319	336
319	351
319	353
319	385
319	578
319	579
319	596
319	597
319	598
319	2060
320	320
320	336
320	338
320	351
320	353
320	385
320	579
320	596
320	597
320	598
320	2060
321	321
321	336
321	338
321	351
321	353
321	385
321	579
321	596
321	597
321	598
321	2060
322	322
322	336
322	344
322	351
322	353
322	385
322	579
322	596
322	597
322	598
322	2060
323	323
323	352
323	353
323	419
323	594
323	595
323	598
323	2060
324	324
324	352
324	353
324	419
324	594
324	595
324	598
324	2060
325	325
325	346
325	352
325	353
325	594
325	595
325	598
325	2060
326	326
326	336
326	349
326	351
326	353
326	385
326	579
326	596
326	597
326	598
326	2060
327	327
327	336
327	351
327	353
327	385
327	578
327	579
327	596
327	597
327	598
327	2060
328	328
328	336
328	344
328	351
328	353
328	385
328	579
328	596
328	597
328	598
328	2060
329	329
329	336
329	340
329	352
329	353
329	594
329	595
329	598
329	603
329	604
329	2060
330	330
330	336
330	351
330	353
330	385
330	579
330	596
330	597
330	598
330	608
330	2060
331	331
331	336
331	343
331	351
331	353
331	360
331	385
331	579
331	596
331	597
331	598
331	634
331	2060
332	332
332	336
332	351
332	353
332	385
332	579
332	596
332	597
332	598
332	610
332	2060
335	335
335	336
335	351
335	353
335	385
335	579
335	596
335	597
335	598
335	2060
336	336
337	336
337	337
337	351
337	353
337	385
337	579
337	596
337	597
337	598
337	2060
338	336
338	338
338	351
338	353
338	385
338	579
338	596
338	597
338	598
338	2060
340	336
340	340
340	352
340	353
340	594
340	595
340	598
340	2060
342	336
342	342
342	351
342	353
342	385
342	579
342	596
342	597
342	598
342	2060
343	336
343	343
343	351
343	353
343	360
343	385
343	579
343	596
343	597
343	598
343	2060
344	336
344	344
344	351
344	353
344	385
344	579
344	596
344	597
344	598
344	2060
345	336
345	345
345	351
345	353
345	360
345	385
345	579
345	596
345	597
345	598
345	2060
346	346
346	352
346	353
346	594
346	595
346	598
346	2060
347	336
347	347
347	351
347	353
347	385
347	579
347	596
347	597
347	598
347	2060
348	336
348	348
348	351
348	353
348	577
348	579
348	596
348	597
348	598
348	2060
349	336
349	349
349	351
349	353
349	385
349	579
349	596
349	597
349	598
349	2060
350	336
350	350
350	351
350	353
350	385
350	579
350	596
350	597
350	598
350	2060
351	336
351	351
351	353
351	579
351	597
351	598
351	2060
352	352
352	353
352	594
352	595
352	598
352	2060
353	353
353	598
353	2060
354	336
354	340
354	352
354	353
354	354
354	594
354	595
354	598
354	604
354	628
354	2060
357	336
357	340
357	352
357	353
357	357
357	594
357	595
357	598
357	604
357	629
357	2060
358	336
358	340
358	352
358	353
358	358
358	594
358	595
358	598
358	604
358	629
358	2060
360	360
361	336
361	351
361	353
361	361
361	385
361	579
361	596
361	597
361	598
361	635
361	2060
362	362
362	401
362	2060
363	363
363	401
363	2060
364	364
364	401
364	2060
365	365
365	401
365	2060
367	336
367	351
367	353
367	367
367	385
367	579
367	596
367	597
367	598
367	635
367	2060
368	368
368	401
368	2060
369	369
369	401
369	2060
370	370
370	401
370	2060
371	371
371	401
371	2060
373	373
373	401
373	2060
375	336
375	342
375	351
375	353
375	375
375	385
375	579
375	596
375	597
375	598
375	2060
376	376
376	401
376	2060
378	378
378	401
378	2060
385	336
385	351
385	353
385	385
385	579
385	596
385	597
385	598
385	2060
387	387
387	401
387	2060
388	388
388	401
388	2060
393	393
393	401
393	2060
394	394
394	401
394	2060
396	396
396	401
396	2060
398	336
398	351
398	353
398	385
398	398
398	579
398	596
398	597
398	598
398	608
398	2060
401	401
401	2060
402	401
402	402
402	2060
403	401
403	403
403	2060
404	401
404	404
404	2060
405	401
405	405
405	2060
407	336
407	351
407	353
407	385
407	407
407	579
407	596
407	597
407	598
407	608
407	2060
408	336
408	345
408	351
408	353
408	360
408	385
408	408
408	579
408	596
408	597
408	598
408	2060
409	336
409	351
409	353
409	385
409	409
409	579
409	596
409	597
409	598
409	2060
409	2072
412	401
412	412
412	2060
413	413
413	743
414	414
414	743
415	415
415	743
416	416
416	743
417	336
417	342
417	351
417	353
417	375
417	385
417	417
417	579
417	596
417	597
417	598
417	2060
418	336
418	342
418	351
418	353
418	375
418	385
418	418
418	579
418	596
418	597
418	598
418	2060
419	352
419	353
419	419
419	594
419	595
419	598
419	2060
420	336
420	340
420	352
420	353
420	420
420	594
420	595
420	598
420	599
420	604
420	2060
421	336
421	340
421	352
421	353
421	421
421	594
421	595
421	598
421	599
421	604
421	2060
422	336
422	340
422	352
422	353
422	422
422	594
422	595
422	598
422	599
422	604
422	2060
423	336
423	340
423	352
423	353
423	423
423	594
423	595
423	598
423	604
423	619
423	2060
424	336
424	340
424	352
424	353
424	424
424	594
424	595
424	598
424	604
424	628
424	2060
425	336
425	340
425	352
425	353
425	425
425	594
425	595
425	598
425	604
425	628
425	2060
426	336
426	340
426	352
426	353
426	426
426	594
426	595
426	598
426	599
426	604
426	2060
427	336
427	340
427	352
427	353
427	427
427	594
427	595
427	598
427	604
427	628
427	2060
428	336
428	340
428	352
428	353
428	428
428	594
428	595
428	598
428	604
428	628
428	2060
429	336
429	340
429	352
429	353
429	429
429	594
429	595
429	598
429	599
429	604
429	2060
430	336
430	340
430	352
430	353
430	430
430	594
430	595
430	598
430	604
430	627
430	2060
431	336
431	340
431	352
431	353
431	431
431	594
431	595
431	598
431	604
431	618
431	2060
432	336
432	340
432	352
432	353
432	432
432	594
432	595
432	598
432	604
432	628
432	2060
433	336
433	340
433	352
433	353
433	433
433	594
433	595
433	598
433	604
433	618
433	2060
434	336
434	340
434	352
434	353
434	434
434	594
434	595
434	598
434	601
434	604
434	2060
435	336
435	340
435	352
435	353
435	435
435	594
435	595
435	598
435	603
435	604
435	2060
436	336
436	340
436	352
436	353
436	436
436	594
436	595
436	598
436	604
436	624
436	2060
437	336
437	340
437	352
437	353
437	437
437	594
437	595
437	598
437	604
437	618
437	2060
438	336
438	340
438	352
438	353
438	438
438	594
438	595
438	598
438	599
438	604
438	2060
439	336
439	340
439	352
439	353
439	439
439	594
439	595
439	598
439	604
439	618
439	2060
441	336
441	340
441	352
441	353
441	441
441	594
441	595
441	598
441	602
441	604
441	2060
442	336
442	338
442	351
442	353
442	385
442	442
442	579
442	596
442	597
442	598
442	2060
443	336
443	338
443	351
443	353
443	385
443	443
443	579
443	596
443	597
443	598
443	2060
444	336
444	338
444	351
444	353
444	385
444	444
444	579
444	596
444	597
444	598
444	2060
445	336
445	338
445	351
445	353
445	385
445	445
445	579
445	596
445	597
445	598
445	2060
446	336
446	338
446	351
446	353
446	385
446	446
446	579
446	596
446	597
446	598
446	2060
447	336
447	338
447	351
447	353
447	385
447	447
447	579
447	596
447	597
447	598
447	2060
448	336
448	338
448	351
448	353
448	385
448	448
448	579
448	596
448	597
448	598
448	2060
450	336
450	351
450	353
450	385
450	450
450	530
450	579
450	596
450	597
450	598
450	2060
451	336
451	351
451	353
451	385
451	451
451	530
451	579
451	596
451	597
451	598
451	2060
452	336
452	351
452	353
452	385
452	452
452	530
452	579
452	596
452	597
452	598
452	2060
453	336
453	351
453	353
453	385
453	453
453	530
453	579
453	596
453	597
453	598
453	2060
454	336
454	351
454	353
454	385
454	454
454	530
454	579
454	596
454	597
454	598
454	2060
455	336
455	351
455	353
455	385
455	455
455	530
455	579
455	596
455	597
455	598
455	2060
456	336
456	351
456	353
456	385
456	456
456	530
456	579
456	596
456	597
456	598
456	2060
457	336
457	351
457	353
457	385
457	457
457	530
457	579
457	596
457	597
457	598
457	2060
458	336
458	351
458	353
458	385
458	458
458	530
458	579
458	596
458	597
458	598
458	2060
459	336
459	351
459	353
459	385
459	459
459	530
459	579
459	596
459	597
459	598
459	2060
460	336
460	351
460	353
460	385
460	460
460	530
460	579
460	596
460	597
460	598
460	2060
461	336
461	351
461	353
461	385
461	461
461	530
461	579
461	596
461	597
461	598
461	2060
462	336
462	351
462	353
462	385
462	462
462	530
462	579
462	596
462	597
462	598
462	2060
463	336
463	351
463	353
463	385
463	463
463	530
463	579
463	596
463	597
463	598
463	2060
464	336
464	351
464	353
464	385
464	464
464	530
464	579
464	596
464	597
464	598
464	2060
465	336
465	351
465	353
465	385
465	465
465	530
465	579
465	596
465	597
465	598
465	2060
466	336
466	351
466	353
466	385
466	466
466	531
466	579
466	596
466	597
466	598
466	2060
467	336
467	351
467	353
467	385
467	467
467	531
467	579
467	596
467	597
467	598
467	2060
468	336
468	351
468	353
468	385
468	468
468	531
468	579
468	596
468	597
468	598
468	2060
469	336
469	351
469	353
469	385
469	469
469	531
469	579
469	596
469	597
469	598
469	2060
470	336
470	351
470	353
470	385
470	470
470	531
470	579
470	596
470	597
470	598
470	2060
471	336
471	351
471	353
471	385
471	471
471	531
471	579
471	596
471	597
471	598
471	2060
472	336
472	342
472	351
472	353
472	385
472	472
472	579
472	581
472	596
472	597
472	598
472	2060
473	336
473	351
473	353
473	385
473	473
473	531
473	579
473	596
473	597
473	598
473	2060
474	336
474	351
474	353
474	385
474	474
474	531
474	579
474	596
474	597
474	598
474	2060
475	336
475	342
475	351
475	353
475	385
475	475
475	579
475	596
475	597
475	598
475	605
475	2060
476	336
476	351
476	353
476	385
476	476
476	531
476	579
476	596
476	597
476	598
476	2060
477	336
477	351
477	353
477	385
477	477
477	531
477	579
477	596
477	597
477	598
477	2060
478	336
478	351
478	353
478	385
478	478
478	531
478	579
478	596
478	597
478	598
478	2060
479	336
479	342
479	343
479	351
479	353
479	360
479	385
479	479
479	579
479	582
479	596
479	597
479	598
479	634
479	2060
480	336
480	351
480	353
480	385
480	480
480	531
480	579
480	596
480	597
480	598
480	2060
481	336
481	351
481	353
481	385
481	481
481	531
481	579
481	596
481	597
481	598
481	2060
482	336
482	351
482	353
482	385
482	482
482	531
482	579
482	596
482	597
482	598
482	2060
484	336
484	351
484	353
484	385
484	484
484	531
484	579
484	596
484	597
484	598
484	2060
485	336
485	351
485	353
485	385
485	485
485	531
485	579
485	596
485	597
485	598
485	2060
486	336
486	351
486	353
486	385
486	486
486	531
486	579
486	596
486	597
486	598
486	2060
487	336
487	342
487	351
487	353
487	385
487	487
487	579
487	581
487	596
487	597
487	598
487	2060
488	336
488	351
488	353
488	385
488	488
488	531
488	579
488	596
488	597
488	598
488	2060
489	336
489	351
489	353
489	385
489	489
489	531
489	579
489	596
489	597
489	598
489	2060
490	336
490	351
490	353
490	385
490	490
490	531
490	579
490	596
490	597
490	598
490	2060
491	336
491	351
491	353
491	385
491	491
491	531
491	579
491	596
491	597
491	598
491	2060
492	336
492	351
492	353
492	385
492	492
492	531
492	579
492	596
492	597
492	598
492	2060
493	336
493	351
493	353
493	385
493	493
493	531
493	579
493	596
493	597
493	598
493	2060
494	336
494	351
494	353
494	385
494	494
494	531
494	579
494	596
494	597
494	598
494	2060
495	336
495	351
495	353
495	385
495	495
495	531
495	579
495	596
495	597
495	598
495	2060
496	336
496	351
496	353
496	385
496	496
496	531
496	579
496	596
496	597
496	598
496	2060
497	336
497	342
497	351
497	353
497	385
497	497
497	579
497	596
497	597
497	598
497	605
497	2060
498	336
498	351
498	353
498	385
498	498
498	531
498	579
498	596
498	597
498	598
498	2060
499	336
499	351
499	353
499	385
499	499
499	531
499	579
499	596
499	597
499	598
499	2060
500	336
500	351
500	353
500	385
500	500
500	531
500	579
500	596
500	597
500	598
500	2060
501	336
501	351
501	353
501	385
501	501
501	531
501	579
501	596
501	597
501	598
501	2060
502	336
502	342
502	351
502	353
502	385
502	502
502	579
502	581
502	596
502	597
502	598
502	2060
503	336
503	351
503	353
503	385
503	503
503	531
503	579
503	596
503	597
503	598
503	2060
504	336
504	342
504	351
504	353
504	385
504	504
504	579
504	581
504	596
504	597
504	598
504	2060
505	336
505	351
505	353
505	385
505	505
505	531
505	579
505	596
505	597
505	598
505	2060
506	336
506	351
506	353
506	385
506	506
506	531
506	579
506	596
506	597
506	598
506	2060
507	336
507	342
507	351
507	353
507	385
507	507
507	579
507	581
507	596
507	597
507	598
507	2060
508	336
508	342
508	351
508	353
508	385
508	508
508	579
508	581
508	596
508	597
508	598
508	2060
509	336
509	351
509	353
509	385
509	509
509	531
509	579
509	596
509	597
509	598
509	2060
510	336
510	351
510	353
510	385
510	510
510	531
510	579
510	596
510	597
510	598
510	2060
511	336
511	351
511	353
511	385
511	511
511	531
511	579
511	596
511	597
511	598
511	2060
512	336
512	351
512	353
512	385
512	512
512	531
512	579
512	596
512	597
512	598
512	2060
513	336
513	351
513	353
513	385
513	513
513	531
513	579
513	596
513	597
513	598
513	2060
514	336
514	351
514	353
514	385
514	514
514	531
514	579
514	596
514	597
514	598
514	2060
516	336
516	342
516	351
516	353
516	385
516	516
516	579
516	596
516	597
516	598
516	605
516	2060
517	336
517	342
517	351
517	353
517	385
517	517
517	579
517	596
517	597
517	598
517	605
517	2060
518	336
518	342
518	351
518	353
518	385
518	518
518	579
518	596
518	597
518	598
518	605
518	2060
519	336
519	342
519	351
519	353
519	385
519	519
519	579
519	596
519	597
519	598
519	605
519	2060
520	336
520	351
520	353
520	385
520	520
520	531
520	579
520	596
520	597
520	598
520	2060
521	336
521	351
521	353
521	385
521	521
521	531
521	579
521	596
521	597
521	598
521	2060
522	336
522	351
522	353
522	385
522	522
522	531
522	579
522	596
522	597
522	598
522	2060
523	336
523	351
523	353
523	385
523	523
523	531
523	579
523	596
523	597
523	598
523	2060
524	336
524	351
524	353
524	385
524	524
524	531
524	579
524	596
524	597
524	598
524	2060
525	336
525	351
525	353
525	385
525	525
525	531
525	579
525	596
525	597
525	598
525	2060
526	336
526	351
526	353
526	385
526	526
526	531
526	579
526	596
526	597
526	598
526	2060
527	336
527	351
527	353
527	385
527	527
527	531
527	579
527	596
527	597
527	598
527	2060
528	336
528	351
528	353
528	385
528	528
528	531
528	579
528	596
528	597
528	598
528	2060
529	336
529	351
529	353
529	385
529	529
529	531
529	579
529	596
529	597
529	598
529	2060
530	336
530	351
530	353
530	385
530	530
530	579
530	596
530	597
530	598
530	2060
531	336
531	351
531	353
531	385
531	531
531	579
531	596
531	597
531	598
531	2060
532	273
532	336
532	351
532	353
532	385
532	532
532	579
532	596
532	597
532	598
532	2060
533	273
533	336
533	351
533	353
533	385
533	533
533	579
533	596
533	597
533	598
533	2060
534	273
534	336
534	351
534	353
534	385
534	534
534	579
534	596
534	597
534	598
534	2060
535	273
535	336
535	351
535	353
535	385
535	535
535	579
535	596
535	597
535	598
535	2060
536	273
536	336
536	351
536	353
536	385
536	536
536	579
536	596
536	597
536	598
536	2060
537	273
537	336
537	351
537	353
537	385
537	537
537	579
537	596
537	597
537	598
537	2060
538	303
538	336
538	351
538	353
538	538
538	579
538	597
538	598
538	2060
539	303
539	336
539	351
539	353
539	539
539	579
539	597
539	598
539	2060
540	303
540	336
540	351
540	353
540	540
540	579
540	597
540	598
540	2060
541	303
541	336
541	351
541	353
541	541
541	579
541	597
541	598
541	2060
542	336
542	351
542	353
542	385
542	542
542	578
542	579
542	596
542	597
542	598
542	2060
543	352
543	353
543	419
543	543
543	594
543	595
543	598
543	2060
544	101
544	336
544	351
544	353
544	544
544	577
544	579
544	596
544	597
544	598
544	2060
545	101
545	336
545	351
545	353
545	545
545	577
545	579
545	596
545	597
545	598
545	2060
546	101
546	336
546	351
546	353
546	546
546	577
546	579
546	596
546	597
546	598
546	2060
547	101
547	336
547	351
547	353
547	547
547	577
547	579
547	596
547	597
547	598
547	2060
548	101
548	336
548	351
548	353
548	548
548	577
548	579
548	596
548	597
548	598
548	2060
549	101
549	336
549	351
549	353
549	549
549	577
549	579
549	596
549	597
549	598
549	2060
550	101
550	336
550	351
550	353
550	550
550	577
550	579
550	596
550	597
550	598
550	2060
551	101
551	336
551	351
551	353
551	551
551	577
551	579
551	596
551	597
551	598
551	2060
552	101
552	336
552	351
552	353
552	552
552	577
552	579
552	596
552	597
552	598
552	2060
553	101
553	336
553	351
553	353
553	553
553	577
553	579
553	596
553	597
553	598
553	2060
554	101
554	336
554	351
554	353
554	554
554	577
554	579
554	596
554	597
554	598
554	2060
555	101
555	336
555	351
555	353
555	555
555	577
555	579
555	596
555	597
555	598
555	2060
556	101
556	336
556	351
556	353
556	556
556	577
556	579
556	596
556	597
556	598
556	2060
557	101
557	336
557	351
557	353
557	557
557	577
557	579
557	596
557	597
557	598
557	2060
558	336
558	340
558	352
558	353
558	558
558	594
558	595
558	598
558	604
558	619
558	2060
559	336
559	340
559	352
559	353
559	559
559	594
559	595
559	598
559	604
559	619
559	2060
560	336
560	340
560	352
560	353
560	560
560	594
560	595
560	598
560	604
560	619
560	2060
561	336
561	340
561	352
561	353
561	561
561	594
561	595
561	598
561	604
561	619
561	2060
562	336
562	342
562	351
562	353
562	385
562	562
562	579
562	582
562	596
562	597
562	598
562	2060
563	336
563	340
563	352
563	353
563	563
563	594
563	595
563	598
563	604
563	628
563	2060
564	336
564	351
564	353
564	385
564	530
564	564
564	579
564	596
564	597
564	598
564	2060
565	336
565	344
565	351
565	353
565	385
565	565
565	579
565	596
565	597
565	598
565	2060
566	336
566	344
566	351
566	353
566	385
566	566
566	579
566	596
566	597
566	598
566	2060
567	336
567	342
567	343
567	351
567	353
567	360
567	385
567	567
567	579
567	583
567	596
567	597
567	598
567	634
567	2060
568	336
568	350
568	351
568	353
568	385
568	568
568	579
568	596
568	597
568	598
568	2060
569	336
569	351
569	353
569	385
569	531
569	569
569	579
569	596
569	597
569	598
569	2060
570	336
570	351
570	353
570	385
570	531
570	570
570	579
570	596
570	597
570	598
570	2060
571	336
571	351
571	353
571	385
571	531
571	571
571	579
571	596
571	597
571	598
571	2060
572	336
572	351
572	353
572	385
572	531
572	572
572	579
572	596
572	597
572	598
572	2060
573	336
573	351
573	353
573	385
573	531
573	573
573	579
573	596
573	597
573	598
573	2060
574	336
574	351
574	353
574	385
574	531
574	574
574	579
574	596
574	597
574	598
574	2060
575	336
575	351
575	353
575	385
575	531
575	575
575	579
575	596
575	597
575	598
575	2060
576	336
576	351
576	353
576	385
576	576
576	578
576	579
576	596
576	597
576	598
576	2060
577	336
577	351
577	353
577	577
577	579
577	596
577	597
577	598
577	2060
578	336
578	351
578	353
578	385
578	578
578	579
578	596
578	597
578	598
578	2060
579	579
580	401
580	580
580	2060
581	336
581	342
581	351
581	353
581	385
581	579
581	581
581	596
581	597
581	598
581	2060
582	336
582	342
582	351
582	353
582	385
582	579
582	582
582	596
582	597
582	598
582	2060
583	336
583	342
583	351
583	353
583	385
583	579
583	583
583	596
583	597
583	598
583	2060
584	336
584	340
584	352
584	353
584	584
584	594
584	595
584	598
584	604
584	2060
586	336
586	340
586	352
586	353
586	586
586	590
586	594
586	595
586	598
586	2060
586	2089
587	336
587	340
587	352
587	353
587	587
587	590
587	594
587	595
587	598
587	2060
587	2089
588	336
588	340
588	352
588	353
588	588
588	590
588	594
588	595
588	598
588	2060
588	2089
589	336
589	340
589	352
589	353
589	589
589	590
589	594
589	595
589	598
589	2060
590	336
590	340
590	352
590	353
590	590
590	594
590	595
590	598
590	2060
592	352
592	353
592	592
592	594
592	595
592	598
592	2060
594	594
594	598
594	2060
595	595
596	596
596	597
596	598
596	2060
597	597
597	598
597	2060
598	598
598	2060
599	336
599	340
599	352
599	353
599	594
599	595
599	598
599	599
599	604
599	2060
601	336
601	340
601	352
601	353
601	594
601	595
601	598
601	601
601	604
601	2060
602	336
602	340
602	352
602	353
602	594
602	595
602	598
602	602
602	604
602	2060
603	336
603	340
603	352
603	353
603	594
603	595
603	598
603	603
603	604
603	2060
604	336
604	340
604	352
604	353
604	594
604	595
604	598
604	604
604	2060
605	336
605	342
605	351
605	353
605	385
605	579
605	596
605	597
605	598
605	605
605	2060
606	336
606	351
606	353
606	385
606	579
606	596
606	597
606	598
606	606
606	2060
608	336
608	351
608	353
608	385
608	579
608	596
608	597
608	598
608	608
608	2060
609	336
609	351
609	353
609	385
609	579
609	596
609	597
609	598
609	609
609	2060
610	336
610	351
610	353
610	385
610	579
610	596
610	597
610	598
610	610
610	2060
611	336
611	343
611	351
611	353
611	360
611	385
611	579
611	596
611	597
611	598
611	611
611	634
611	2060
612	401
612	612
612	2060
614	336
614	351
614	353
614	385
614	579
614	596
614	597
614	598
614	609
614	614
614	2060
615	336
615	351
615	353
615	385
615	579
615	596
615	597
615	598
615	609
615	615
615	2060
616	336
616	351
616	353
616	385
616	579
616	596
616	597
616	598
616	609
616	616
616	2060
617	336
617	351
617	353
617	385
617	579
617	596
617	597
617	598
617	609
617	617
617	2060
618	336
618	340
618	352
618	353
618	594
618	595
618	598
618	604
618	618
618	2060
619	336
619	340
619	352
619	353
619	594
619	595
619	598
619	604
619	619
619	2060
620	336
620	340
620	352
620	353
620	594
620	595
620	598
620	604
620	618
620	620
620	2060
621	336
621	340
621	352
621	353
621	594
621	595
621	598
621	604
621	618
621	621
621	2060
622	336
622	340
622	352
622	353
622	594
622	595
622	598
622	604
622	618
622	622
622	2060
623	336
623	340
623	352
623	353
623	594
623	595
623	598
623	604
623	618
623	623
623	2060
624	336
624	340
624	352
624	353
624	594
624	595
624	598
624	604
624	624
624	2060
625	336
625	340
625	352
625	353
625	584
625	594
625	595
625	598
625	604
625	625
625	2060
626	336
626	340
626	352
626	353
626	584
626	594
626	595
626	598
626	604
626	626
626	2060
627	336
627	340
627	352
627	353
627	594
627	595
627	598
627	604
627	627
627	2060
628	336
628	340
628	352
628	353
628	594
628	595
628	598
628	604
628	628
628	2060
629	336
629	340
629	352
629	353
629	594
629	595
629	598
629	604
629	629
629	2060
630	120
630	336
630	343
630	351
630	353
630	360
630	385
630	579
630	596
630	597
630	598
630	630
630	2060
631	120
631	336
631	343
631	351
631	353
631	360
631	385
631	579
631	596
631	597
631	598
631	631
631	2060
632	120
632	336
632	343
632	351
632	353
632	360
632	385
632	579
632	596
632	597
632	598
632	632
632	2060
633	336
633	351
633	353
633	385
633	530
633	579
633	596
633	597
633	598
633	633
633	2060
634	336
634	343
634	351
634	353
634	360
634	385
634	579
634	596
634	597
634	598
634	634
634	2060
635	336
635	351
635	353
635	385
635	579
635	596
635	597
635	598
635	635
635	2060
636	336
636	351
636	353
636	579
636	596
636	597
636	598
636	636
636	2060
637	336
637	340
637	352
637	353
637	594
637	595
637	598
637	599
637	604
637	637
637	2060
638	336
638	340
638	352
638	353
638	594
638	595
638	598
638	599
638	604
638	638
638	2060
639	336
639	351
639	353
639	579
639	596
639	597
639	598
639	639
639	2060
640	336
640	340
640	352
640	353
640	594
640	595
640	598
640	604
640	640
640	645
640	2060
641	336
641	340
641	352
641	353
641	594
641	595
641	598
641	604
641	628
641	641
641	2060
642	336
642	340
642	352
642	353
642	594
642	595
642	598
642	604
642	627
642	642
642	2060
643	336
643	340
643	352
643	353
643	594
643	595
643	598
643	599
643	604
643	643
643	2060
644	336
644	340
644	352
644	353
644	594
644	595
644	598
644	599
644	604
644	644
644	2060
645	336
645	340
645	352
645	353
645	594
645	595
645	598
645	604
645	645
645	2060
646	336
646	340
646	352
646	353
646	594
646	595
646	598
646	604
646	645
646	646
646	2060
647	336
647	340
647	352
647	353
647	594
647	595
647	598
647	604
647	628
647	647
647	2060
648	336
648	340
648	352
648	353
648	594
648	595
648	598
648	604
648	627
648	648
648	2060
649	336
649	338
649	351
649	353
649	385
649	579
649	596
649	597
649	598
649	649
649	2060
650	336
650	338
650	351
650	353
650	385
650	579
650	596
650	597
650	598
650	650
650	2060
651	336
651	351
651	353
651	385
651	579
651	596
651	597
651	598
651	606
651	651
651	2060
652	336
652	351
652	353
652	385
652	579
652	596
652	597
652	598
652	606
652	652
652	2060
653	336
653	351
653	353
653	385
653	579
653	596
653	597
653	598
653	606
653	653
653	2060
654	336
654	351
654	353
654	385
654	579
654	596
654	597
654	598
654	606
654	654
654	2060
655	336
655	351
655	353
655	385
655	531
655	579
655	596
655	597
655	598
655	655
655	2060
657	336
657	342
657	351
657	353
657	385
657	579
657	582
657	596
657	597
657	598
657	657
657	2060
658	336
658	342
658	351
658	353
658	385
658	579
658	581
658	596
658	597
658	598
658	658
658	2060
659	336
659	340
659	352
659	353
659	588
659	590
659	594
659	595
659	598
659	659
659	2060
659	2089
660	336
660	340
660	352
660	353
660	587
660	590
660	594
660	595
660	598
660	660
660	2060
660	2089
661	336
661	340
661	352
661	353
661	594
661	595
661	598
661	661
661	662
661	2060
662	336
662	340
662	352
662	353
662	594
662	595
662	598
662	662
662	2060
663	336
663	340
663	352
663	353
663	594
663	595
663	598
663	662
663	663
663	2060
664	336
664	340
664	352
664	353
664	594
664	595
664	598
664	603
664	604
664	664
664	2060
665	336
665	340
665	352
665	353
665	594
665	595
665	598
665	601
665	604
665	665
665	2060
666	336
666	340
666	352
666	353
666	594
666	595
666	598
666	601
666	604
666	666
666	2060
667	336
667	340
667	352
667	353
667	594
667	595
667	598
667	601
667	604
667	667
667	2060
668	336
668	340
668	352
668	353
668	594
668	595
668	598
668	668
668	670
668	2060
669	336
669	340
669	352
669	353
669	594
669	595
669	598
669	669
669	670
669	2060
670	336
670	340
670	352
670	353
670	594
670	595
670	598
670	670
670	2060
671	336
671	340
671	352
671	353
671	594
671	595
671	598
671	604
671	627
671	671
671	2060
672	336
672	340
672	352
672	353
672	594
672	595
672	598
672	604
672	624
672	672
672	2060
673	336
673	340
673	352
673	353
673	594
673	595
673	598
673	604
673	624
673	673
673	2060
674	336
674	340
674	352
674	353
674	594
674	595
674	598
674	604
674	624
674	674
674	2060
675	336
675	340
675	352
675	353
675	594
675	595
675	598
675	604
675	628
675	675
675	2060
676	336
676	340
676	352
676	353
676	594
676	595
676	598
676	604
676	628
676	676
676	2060
677	346
677	352
677	353
677	594
677	595
677	598
677	677
677	2060
678	346
678	352
678	353
678	594
678	595
678	598
678	678
678	2060
679	346
679	352
679	353
679	594
679	595
679	598
679	679
679	2060
680	346
680	352
680	353
680	594
680	595
680	598
680	680
680	2060
681	346
681	352
681	353
681	594
681	595
681	598
681	681
681	2060
682	346
682	352
682	353
682	594
682	595
682	598
682	682
682	2060
683	346
683	352
683	353
683	594
683	595
683	598
683	683
683	2060
684	346
684	352
684	353
684	594
684	595
684	598
684	684
684	2060
685	352
685	353
685	419
685	594
685	595
685	598
685	685
685	2060
686	352
686	353
686	419
686	594
686	595
686	598
686	686
686	2060
687	336
687	340
687	352
687	353
687	594
687	595
687	598
687	604
687	687
687	2060
688	336
688	340
688	352
688	353
688	594
688	595
688	598
688	604
688	687
688	688
688	2060
699	699
699	706
699	709
699	743
705	705
705	709
705	743
706	706
706	709
706	743
708	708
708	709
708	743
709	709
709	743
710	336
710	342
710	351
710	353
710	385
710	579
710	582
710	596
710	597
710	598
710	710
710	2060
711	336
711	343
711	351
711	353
711	360
711	385
711	579
711	596
711	597
711	598
711	711
711	2060
711	2079
712	336
712	343
712	351
712	353
712	360
712	385
712	579
712	596
712	597
712	598
712	712
712	2060
712	2079
713	336
713	343
713	351
713	353
713	360
713	385
713	579
713	596
713	597
713	598
713	713
713	2060
713	2079
715	336
715	340
715	352
715	353
715	594
715	595
715	598
715	604
715	687
715	715
715	2060
716	336
716	340
716	352
716	353
716	594
716	595
716	598
716	604
716	687
716	716
716	2060
717	336
717	340
717	352
717	353
717	594
717	595
717	598
717	604
717	687
717	717
717	2060
718	336
718	340
718	352
718	353
718	594
718	595
718	598
718	604
718	687
718	718
718	2060
719	336
719	340
719	352
719	353
719	594
719	595
719	598
719	604
719	687
719	719
719	2060
720	336
720	340
720	352
720	353
720	594
720	595
720	598
720	604
720	687
720	720
720	2060
721	336
721	340
721	352
721	353
721	594
721	595
721	598
721	604
721	687
721	721
721	2060
722	336
722	340
722	352
722	353
722	594
722	595
722	598
722	604
722	687
722	722
722	2060
723	336
723	340
723	352
723	353
723	594
723	595
723	598
723	604
723	687
723	723
723	2060
724	336
724	340
724	352
724	353
724	594
724	595
724	598
724	604
724	687
724	724
724	2060
725	336
725	340
725	352
725	353
725	594
725	595
725	598
725	604
725	687
725	725
725	2060
726	336
726	340
726	352
726	353
726	594
726	595
726	598
726	604
726	687
726	726
726	2060
727	336
727	342
727	351
727	353
727	385
727	579
727	582
727	596
727	597
727	598
727	727
727	2060
728	336
728	342
728	351
728	353
728	385
728	579
728	582
728	596
728	597
728	598
728	728
728	2060
729	729
729	743
730	336
730	351
730	353
730	385
730	578
730	579
730	596
730	597
730	598
730	730
730	2060
731	336
731	351
731	353
731	385
731	531
731	579
731	596
731	597
731	598
731	731
731	2060
732	336
732	348
732	351
732	353
732	577
732	579
732	596
732	597
732	598
732	732
732	2060
733	336
733	338
733	351
733	353
733	385
733	579
733	596
733	597
733	598
733	733
733	2060
734	336
734	351
734	353
734	385
734	579
734	596
734	597
734	598
734	606
734	734
734	2060
735	336
735	342
735	351
735	353
735	385
735	579
735	582
735	596
735	597
735	598
735	735
735	2060
736	336
736	340
736	352
736	353
736	594
736	595
736	598
736	603
736	604
736	736
736	2060
737	336
737	348
737	351
737	353
737	577
737	579
737	596
737	597
737	598
737	737
737	2060
738	215
738	336
738	343
738	351
738	353
738	360
738	385
738	579
738	596
738	597
738	598
738	634
738	738
738	2060
739	260
739	336
739	343
739	351
739	353
739	360
739	385
739	579
739	596
739	597
739	598
739	634
739	739
739	2060
740	215
740	336
740	343
740	351
740	353
740	360
740	385
740	579
740	596
740	597
740	598
740	634
740	740
740	2060
741	260
741	336
741	343
741	351
741	353
741	360
741	385
741	579
741	596
741	597
741	598
741	634
741	741
741	2060
742	336
742	349
742	351
742	353
742	385
742	579
742	596
742	597
742	598
742	742
742	2060
743	743
744	336
744	340
744	352
744	353
744	594
744	595
744	598
744	604
744	744
744	2060
745	336
745	343
745	351
745	353
745	360
745	385
745	579
745	596
745	597
745	598
745	634
745	745
745	2060
746	336
746	343
746	351
746	353
746	360
746	385
746	579
746	596
746	597
746	598
746	634
746	746
746	2060
747	598
747	747
747	2060
748	748
2060	2060
2061	336
2061	351
2061	353
2061	385
2061	579
2061	596
2061	597
2061	598
2061	2060
2061	2061
2061	2072
2062	336
2062	351
2062	353
2062	385
2062	579
2062	596
2062	597
2062	598
2062	2060
2062	2062
2062	2072
2063	336
2063	351
2063	353
2063	385
2063	579
2063	596
2063	597
2063	598
2063	2060
2063	2063
2063	2072
2064	336
2064	351
2064	353
2064	385
2064	579
2064	596
2064	597
2064	598
2064	2060
2064	2064
2064	2072
2065	336
2065	351
2065	353
2065	385
2065	579
2065	596
2065	597
2065	598
2065	2060
2065	2065
2065	2072
2066	336
2066	351
2066	353
2066	385
2066	579
2066	596
2066	597
2066	598
2066	2060
2066	2066
2066	2072
2067	336
2067	351
2067	353
2067	385
2067	579
2067	596
2067	597
2067	598
2067	2060
2067	2067
2067	2072
2068	336
2068	351
2068	353
2068	385
2068	579
2068	596
2068	597
2068	598
2068	2060
2068	2068
2068	2072
2069	336
2069	351
2069	353
2069	385
2069	579
2069	596
2069	597
2069	598
2069	2060
2069	2069
2069	2072
2070	336
2070	351
2070	353
2070	385
2070	579
2070	596
2070	597
2070	598
2070	2060
2070	2070
2070	2072
2071	336
2071	351
2071	353
2071	385
2071	579
2071	596
2071	597
2071	598
2071	2060
2071	2071
2071	2072
2072	336
2072	351
2072	353
2072	385
2072	579
2072	596
2072	597
2072	598
2072	2060
2072	2072
2073	336
2073	351
2073	353
2073	385
2073	579
2073	596
2073	597
2073	598
2073	2060
2073	2072
2073	2073
2074	336
2074	351
2074	353
2074	385
2074	579
2074	596
2074	597
2074	598
2074	2060
2074	2072
2074	2074
2075	336
2075	338
2075	351
2075	353
2075	385
2075	579
2075	596
2075	597
2075	598
2075	2060
2075	2075
2076	336
2076	342
2076	351
2076	353
2076	385
2076	579
2076	582
2076	596
2076	597
2076	598
2076	2060
2076	2076
2078	336
2078	343
2078	351
2078	353
2078	360
2078	385
2078	579
2078	596
2078	597
2078	598
2078	2060
2078	2078
2078	2079
2079	336
2079	343
2079	351
2079	353
2079	360
2079	385
2079	579
2079	596
2079	597
2079	598
2079	2060
2079	2079
2081	336
2081	351
2081	353
2081	385
2081	531
2081	579
2081	596
2081	597
2081	598
2081	2060
2081	2081
2083	336
2083	340
2083	352
2083	353
2083	594
2083	595
2083	598
2083	601
2083	604
2083	2060
2083	2083
2084	336
2084	343
2084	351
2084	353
2084	360
2084	385
2084	579
2084	596
2084	597
2084	598
2084	634
2084	2060
2084	2084
2085	336
2085	351
2085	353
2085	385
2085	579
2085	596
2085	597
2085	598
2085	2060
2085	2072
2085	2085
2086	336
2086	351
2086	353
2086	385
2086	531
2086	579
2086	596
2086	597
2086	598
2086	2060
2086	2086
2087	336
2087	350
2087	351
2087	353
2087	385
2087	579
2087	596
2087	597
2087	598
2087	2060
2087	2087
2088	336
2088	350
2088	351
2088	353
2088	385
2088	579
2088	596
2088	597
2088	598
2088	2060
2088	2088
2089	336
2089	340
2089	352
2089	353
2089	590
2089	594
2089	595
2089	598
2089	2060
2089	2089
2090	336
2090	340
2090	352
2090	353
2090	590
2090	594
2090	595
2090	598
2090	2060
2090	2089
2090	2090
2091	336
2091	344
2091	351
2091	353
2091	385
2091	579
2091	596
2091	597
2091	598
2091	2060
2091	2091
2092	336
2092	344
2092	351
2092	353
2092	385
2092	579
2092	596
2092	597
2092	598
2092	2060
2092	2092
2093	336
2093	338
2093	351
2093	353
2093	385
2093	579
2093	596
2093	597
2093	598
2093	2060
2093	2093
2094	336
2094	351
2094	353
2094	385
2094	579
2094	596
2094	597
2094	598
2094	608
2094	2060
2094	2094
2095	336
2095	351
2095	353
2095	385
2095	579
2095	596
2095	597
2095	598
2095	2060
2095	2072
2095	2095
2097	336
2097	351
2097	353
2097	385
2097	578
2097	579
2097	596
2097	597
2097	598
2097	2060
2097	2097
2098	336
2098	351
2098	353
2098	385
2098	578
2098	579
2098	596
2098	597
2098	598
2098	2060
2098	2098
2099	336
2099	351
2099	353
2099	385
2099	578
2099	579
2099	596
2099	597
2099	598
2099	2060
2099	2099
2100	336
2100	351
2100	353
2100	385
2100	578
2100	579
2100	596
2100	597
2100	598
2100	2060
2100	2100
2101	336
2101	351
2101	353
2101	385
2101	578
2101	579
2101	596
2101	597
2101	598
2101	2060
2101	2101
2103	336
2103	351
2103	353
2103	385
2103	578
2103	579
2103	596
2103	597
2103	598
2103	2060
2103	2103
2104	336
2104	351
2104	353
2104	385
2104	578
2104	579
2104	596
2104	597
2104	598
2104	2060
2104	2104
2105	336
2105	351
2105	353
2105	385
2105	578
2105	579
2105	596
2105	597
2105	598
2105	2060
2105	2105
2106	336
2106	351
2106	353
2106	385
2106	578
2106	579
2106	596
2106	597
2106	598
2106	2060
2106	2106
2962	595
2962	748
2962	2962
2963	595
2963	748
2963	2962
2963	2963
2964	595
2964	748
2964	2962
2964	2964
2965	595
2965	748
2965	2962
2965	2965
2966	595
2966	748
2966	2962
2966	2966
2967	595
2967	748
2967	2962
2967	2967
2968	595
2968	748
2968	2962
2968	2968
2969	595
2969	748
2969	2962
2969	2969
2970	595
2970	748
2970	2962
2970	2970
2971	595
2971	748
2971	2962
2971	2971
2972	595
2972	748
2972	2962
2972	2972
2973	595
2973	748
2973	2962
2973	2973
2974	595
2974	748
2974	2962
2974	2974
2975	595
2975	748
2975	2962
2975	2975
2976	595
2976	748
2976	2962
2976	2976
2977	598
2977	747
2977	2060
2977	2977
2978	598
2978	747
2978	2060
2978	2978
2979	598
2979	747
2979	2060
2979	2979
2980	598
2980	747
2980	2060
2980	2980
2981	598
2981	747
2981	2060
2981	2981
2982	598
2982	747
2982	2060
2982	2982
2983	598
2983	747
2983	2060
2983	2983
2984	598
2984	747
2984	2060
2984	2984
2985	598
2985	747
2985	2060
2985	2985
2986	598
2986	747
2986	2060
2986	2986
2987	598
2987	747
2987	2060
2987	2987
2988	598
2988	747
2988	2060
2988	2988
2989	595
2989	748
2989	2962
2989	2989
2990	595
2990	748
2990	2962
2990	2990
2991	595
2991	748
2991	2962
2991	2991
2992	595
2992	748
2992	2962
2992	2992
2993	595
2993	748
2993	2962
2993	2993
2994	595
2994	748
2994	2962
2994	2994
2995	595
2995	748
2995	2962
2995	2995
2996	595
2996	748
2996	2962
2996	2996
2997	595
2997	748
2997	2962
2997	2997
2998	595
2998	748
2998	2962
2998	2998
2999	595
2999	748
2999	2962
2999	2999
3000	595
3000	748
3000	2962
3000	3000
3001	595
3001	748
3001	2962
3001	3001
3002	595
3002	748
3002	2962
3002	3002
3003	595
3003	748
3003	2962
3003	3003
3004	595
3004	748
3004	2962
3004	3004
3005	595
3005	748
3005	2962
3005	3005
3006	595
3006	748
3006	2962
3006	3006
3007	595
3007	748
3007	2962
3007	3007
3008	595
3008	748
3008	2962
3008	3008
3009	598
3009	747
3009	2060
3009	3009
3010	598
3010	747
3010	2060
3010	3010
3011	598
3011	747
3011	2060
3011	3011
3012	598
3012	747
3012	2060
3012	3012
3013	598
3013	747
3013	2060
3013	3013
3014	598
3014	747
3014	2060
3014	3014
3015	598
3015	747
3015	2060
3015	3015
3016	598
3016	747
3016	2060
3016	3016
3017	595
3017	748
3017	2962
3017	3017
3018	595
3018	748
3018	2962
3018	3018
3019	595
3019	748
3019	2962
3019	3019
3020	595
3020	748
3020	2962
3020	3020
3021	595
3021	748
3021	2962
3021	3021
3022	595
3022	748
3022	2962
3022	3022
3023	595
3023	748
3023	2962
3023	3023
3024	595
3024	748
3024	2962
3024	3024
3025	595
3025	748
3025	2962
3025	3025
3026	595
3026	748
3026	2962
3026	3026
3027	595
3027	748
3027	2962
3027	3027
3028	595
3028	748
3028	2962
3028	3028
3029	595
3029	748
3029	2962
3029	3029
3030	595
3030	748
3030	2962
3030	3030
3031	595
3031	748
3031	2962
3031	3031
3032	598
3032	747
3032	2060
3032	3032
3033	598
3033	747
3033	2060
3033	3033
3034	598
3034	747
3034	2060
3034	3034
3035	598
3035	747
3035	2060
3035	3035
3036	598
3036	747
3036	2060
3036	3036
3037	598
3037	747
3037	2060
3037	3037
3038	598
3038	747
3038	2060
3038	3038
3039	595
3039	748
3039	2962
3039	3039
3040	595
3040	748
3040	2962
3040	3040
3041	595
3041	748
3041	2962
3041	3041
3042	595
3042	748
3042	2962
3042	3042
3043	598
3043	747
3043	2060
3043	3043
3044	598
3044	747
3044	2060
3044	3044
3045	598
3045	747
3045	2060
3045	3045
3046	598
3046	747
3046	2060
3046	3046
3047	598
3047	747
3047	2060
3047	3047
3048	598
3048	747
3048	2060
3048	3048
3049	595
3049	748
3049	2962
3049	3049
3050	598
3050	747
3050	2060
3050	3050
3051	598
3051	747
3051	2060
3051	3051
3052	598
3052	747
3052	2060
3052	3052
3053	598
3053	747
3053	2060
3053	3053
3054	598
3054	747
3054	2060
3054	3054
3055	598
3055	747
3055	2060
3055	3055
3056	598
3056	747
3056	2060
3056	3056
3057	598
3057	747
3057	2060
3057	3057
3058	598
3058	747
3058	2060
3058	3058
3059	598
3059	747
3059	2060
3059	3059
3060	598
3060	747
3060	2060
3060	3060
3061	598
3061	747
3061	2060
3061	3061
3062	595
3062	748
3062	2962
3062	3062
3063	595
3063	748
3063	2962
3063	3063
3064	598
3064	747
3064	2060
3064	3064
3065	598
3065	747
3065	2060
3065	3065
3066	598
3066	747
3066	2060
3066	3066
3067	595
3067	748
3067	2962
3067	3067
3068	598
3068	747
3068	2060
3068	3068
3069	598
3069	747
3069	2060
3069	3069
3070	598
3070	747
3070	2060
3070	3070
3071	598
3071	747
3071	2060
3071	3071
3072	595
3072	748
3072	2962
3072	3072
3073	595
3073	748
3073	2962
3073	3073
3074	595
3074	748
3074	2962
3074	3074
3075	595
3075	748
3075	2962
3075	3075
3076	598
3076	747
3076	2060
3076	3076
3077	598
3077	747
3077	2060
3077	3077
3078	598
3078	747
3078	2060
3078	3078
3079	598
3079	747
3079	2060
3079	3079
3080	598
3080	747
3080	2060
3080	3080
3081	598
3081	747
3081	2060
3081	3081
3082	598
3082	747
3082	2060
3082	3082
3083	598
3083	747
3083	2060
3083	3083
3084	598
3084	747
3084	2060
3084	3084
3085	598
3085	747
3085	2060
3085	3085
3086	598
3086	747
3086	2060
3086	3086
3087	595
3087	748
3087	2962
3087	3087
3088	598
3088	747
3088	2060
3088	3088
3089	598
3089	747
3089	2060
3089	3089
3090	595
3090	748
3090	2962
3090	3090
3091	595
3091	748
3091	2962
3091	3091
3092	598
3092	747
3092	2060
3092	3092
3093	598
3093	747
3093	2060
3093	3093
3094	598
3094	747
3094	2060
3094	3094
3095	598
3095	747
3095	2060
3095	3095
3096	598
3096	747
3096	2060
3096	3096
3097	598
3097	747
3097	2060
3097	3097
3098	598
3098	747
3098	2060
3098	3098
3099	598
3099	747
3099	2060
3099	3099
3100	598
3100	747
3100	2060
3100	3100
3101	598
3101	747
3101	2060
3101	3101
3102	598
3102	747
3102	2060
3102	3102
3103	598
3103	747
3103	2060
3103	3103
3104	598
3104	747
3104	2060
3104	3104
3105	598
3105	747
3105	2060
3105	3105
3106	598
3106	747
3106	2060
3106	3106
3107	598
3107	747
3107	2060
3107	3107
3108	598
3108	747
3108	2060
3108	3108
3109	598
3109	747
3109	2060
3109	3109
3110	598
3110	747
3110	2060
3110	3110
3111	598
3111	747
3111	2060
3111	3111
3112	598
3112	747
3112	2060
3112	3112
3113	598
3113	747
3113	2060
3113	3113
3114	598
3114	747
3114	2060
3114	3114
3115	598
3115	747
3115	2060
3115	3115
3116	598
3116	747
3116	2060
3116	3116
3117	598
3117	747
3117	2060
3117	3117
3118	598
3118	747
3118	2060
3118	3118
3119	598
3119	747
3119	2060
3119	3119
3120	598
3120	747
3120	2060
3120	3120
3121	598
3121	747
3121	2060
3121	3121
3122	598
3122	747
3122	2060
3122	3122
3123	598
3123	747
3123	2060
3123	3123
3124	598
3124	747
3124	2060
3124	3124
3125	598
3125	747
3125	2060
3125	3125
3126	595
3126	748
3126	2962
3126	3126
3127	598
3127	747
3127	2060
3127	3127
3128	595
3128	748
3128	2962
3128	3128
3129	595
3129	748
3129	2962
3129	3129
3130	595
3130	748
3130	2962
3130	3130
3131	595
3131	748
3131	2962
3131	3131
3132	595
3132	748
3132	2962
3132	3132
3133	595
3133	748
3133	2962
3133	3133
3134	595
3134	748
3134	2962
3134	3134
3135	595
3135	748
3135	2962
3135	3135
3136	598
3136	747
3136	2060
3136	3136
3137	598
3137	747
3137	2060
3137	3137
3138	598
3138	747
3138	2060
3138	3138
3139	595
3139	748
3139	2962
3139	3139
3140	595
3140	748
3140	2962
3140	3140
3141	595
3141	748
3141	2962
3141	3141
3142	598
3142	747
3142	2060
3142	3142
3143	598
3143	747
3143	2060
3143	3143
3144	598
3144	747
3144	2060
3144	3144
3145	598
3145	747
3145	2060
3145	3145
3146	598
3146	747
3146	2060
3146	3146
3147	598
3147	747
3147	2060
3147	3147
3148	598
3148	747
3148	2060
3148	3148
3149	598
3149	747
3149	2060
3149	3149
3150	598
3150	747
3150	2060
3150	3150
3151	598
3151	747
3151	2060
3151	3151
3152	598
3152	747
3152	2060
3152	3152
3153	598
3153	747
3153	2060
3153	3153
3154	598
3154	747
3154	2060
3154	3154
3155	595
3155	748
3155	2962
3155	3155
3156	595
3156	748
3156	2962
3156	3156
3157	598
3157	747
3157	2060
3157	3157
3158	598
3158	747
3158	2060
3158	3158
3159	598
3159	747
3159	2060
3159	3159
3160	595
3160	748
3160	2962
3160	3160
3161	595
3161	748
3161	2962
3161	3161
3162	598
3162	747
3162	2060
3162	3162
3163	598
3163	747
3163	2060
3163	3163
3164	598
3164	747
3164	2060
3164	3164
3165	595
3165	748
3165	2962
3165	3165
3166	595
3166	748
3166	2962
3166	3166
3167	595
3167	748
3167	2962
3167	3167
3168	595
3168	748
3168	2962
3168	3168
3169	598
3169	747
3169	2060
3169	3169
3170	598
3170	747
3170	2060
3170	3170
3171	598
3171	747
3171	2060
3171	3171
3172	598
3172	747
3172	2060
3172	3172
3173	598
3173	747
3173	2060
3173	3173
3174	598
3174	747
3174	2060
3174	3174
3175	598
3175	747
3175	2060
3175	3175
3176	595
3176	748
3176	2962
3176	3176
3177	595
3177	748
3177	2962
3177	3177
3178	595
3178	748
3178	2962
3178	3178
3179	595
3179	748
3179	2962
3179	3179
3180	595
3180	748
3180	2962
3180	3180
3181	595
3181	748
3181	2962
3181	3181
3182	595
3182	748
3182	2962
3182	3182
3183	595
3183	748
3183	2962
3183	3183
3184	595
3184	748
3184	2962
3184	3184
3185	595
3185	748
3185	2962
3185	3185
3186	595
3186	748
3186	2962
3186	3186
3187	595
3187	748
3187	2962
3187	3187
3188	595
3188	748
3188	2962
3188	3188
3189	595
3189	748
3189	2962
3189	3189
3190	598
3190	747
3190	2060
3190	3190
3191	598
3191	747
3191	2060
3191	3191
3192	598
3192	747
3192	2060
3192	3192
3193	598
3193	747
3193	2060
3193	3193
3194	598
3194	747
3194	2060
3194	3194
3195	598
3195	747
3195	2060
3195	3195
3196	598
3196	747
3196	2060
3196	3196
3197	598
3197	747
3197	2060
3197	3197
3198	598
3198	747
3198	2060
3198	3198
3199	598
3199	747
3199	2060
3199	3199
3200	598
3200	747
3200	2060
3200	3200
3201	598
3201	747
3201	2060
3201	3201
3202	598
3202	747
3202	2060
3202	3202
3203	598
3203	747
3203	2060
3203	3203
3204	598
3204	747
3204	2060
3204	3204
3205	598
3205	747
3205	2060
3205	3205
3206	598
3206	747
3206	2060
3206	3206
3207	598
3207	747
3207	2060
3207	3207
3208	598
3208	747
3208	2060
3208	3208
3209	595
3209	748
3209	2962
3209	3209
3210	595
3210	748
3210	2962
3210	3210
3211	598
3211	747
3211	2060
3211	3211
3212	598
3212	747
3212	2060
3212	3212
3213	595
3213	748
3213	2962
3213	3213
3214	595
3214	748
3214	2962
3214	3214
3215	598
3215	747
3215	2060
3215	3215
3216	595
3216	748
3216	2962
3216	3216
3217	595
3217	748
3217	2962
3217	3217
3218	595
3218	748
3218	2962
3218	3218
3219	595
3219	748
3219	2962
3219	3219
3220	595
3220	748
3220	2962
3220	3220
3221	595
3221	748
3221	2962
3221	3221
3222	595
3222	748
3222	2962
3222	3222
3223	595
3223	748
3223	2962
3223	3223
3224	595
3224	748
3224	2962
3224	3224
3225	595
3225	748
3225	2962
3225	3225
3226	595
3226	748
3226	2962
3226	3226
3227	595
3227	748
3227	2962
3227	3227
3228	595
3228	748
3228	2962
3228	3228
3229	595
3229	748
3229	2962
3229	3229
3230	595
3230	748
3230	2962
3230	3230
3231	598
3231	747
3231	2060
3231	3231
3232	598
3232	747
3232	2060
3232	3232
3233	598
3233	747
3233	2060
3233	3233
3234	598
3234	747
3234	2060
3234	3234
3235	598
3235	747
3235	2060
3235	3235
3236	598
3236	747
3236	2060
3236	3236
3237	598
3237	747
3237	2060
3237	3237
3238	598
3238	747
3238	2060
3238	3238
3239	598
3239	747
3239	2060
3239	3239
3240	598
3240	747
3240	2060
3240	3240
3241	598
3241	747
3241	2060
3241	3241
3242	598
3242	747
3242	2060
3242	3242
3243	598
3243	747
3243	2060
3243	3243
3244	595
3244	748
3244	2962
3244	3244
3245	595
3245	748
3245	2962
3245	3245
3246	595
3246	748
3246	2962
3246	3246
3247	595
3247	748
3247	2962
3247	3247
3248	595
3248	748
3248	2962
3248	3248
3249	595
3249	748
3249	2962
3249	3249
3250	595
3250	748
3250	2962
3250	3250
3251	595
3251	748
3251	2962
3251	3251
3252	598
3252	747
3252	2060
3252	3252
3253	598
3253	747
3253	2060
3253	3253
3254	598
3254	747
3254	2060
3254	3254
3255	598
3255	747
3255	2060
3255	3255
3256	598
3256	747
3256	2060
3256	3256
3257	598
3257	747
3257	2060
3257	3257
3258	598
3258	747
3258	2060
3258	3258
3259	598
3259	747
3259	2060
3259	3259
3260	598
3260	747
3260	2060
3260	3260
3261	598
3261	747
3261	2060
3261	3261
3262	595
3262	748
3262	2962
3262	3262
3263	595
3263	748
3263	2962
3263	3263
3264	595
3264	748
3264	2962
3264	3264
3265	598
3265	747
3265	2060
3265	3265
3266	598
3266	747
3266	2060
3266	3266
3267	598
3267	747
3267	2060
3267	3267
3268	598
3268	747
3268	2060
3268	3268
3269	598
3269	747
3269	2060
3269	3269
3270	598
3270	747
3270	2060
3270	3270
3271	598
3271	747
3271	2060
3271	3271
3272	598
3272	747
3272	2060
3272	3272
3273	598
3273	747
3273	2060
3273	3273
3274	598
3274	747
3274	2060
3274	3274
3275	598
3275	747
3275	2060
3275	3275
3276	598
3276	747
3276	2060
3276	3276
3277	598
3277	747
3277	2060
3277	3277
3278	598
3278	747
3278	2060
3278	3278
3279	598
3279	747
3279	2060
3279	3279
3280	598
3280	747
3280	2060
3280	3280
3281	598
3281	747
3281	2060
3281	3281
3282	598
3282	747
3282	2060
3282	3282
3283	598
3283	747
3283	2060
3283	3283
3284	598
3284	747
3284	2060
3284	3284
3285	598
3285	747
3285	2060
3285	3285
3286	598
3286	747
3286	2060
3286	3286
3287	595
3287	748
3287	2962
3287	3287
3288	598
3288	747
3288	2060
3288	3288
3289	598
3289	747
3289	2060
3289	3289
3290	598
3290	747
3290	2060
3290	3290
3291	595
3291	748
3291	2962
3291	3291
3292	595
3292	748
3292	2962
3292	3292
3293	598
3293	747
3293	2060
3293	3293
3294	598
3294	747
3294	2060
3294	3294
3295	598
3295	747
3295	2060
3295	3295
3296	595
3296	748
3296	2962
3296	3296
3297	595
3297	748
3297	2962
3297	3297
3298	595
3298	748
3298	2962
3298	3298
3299	595
3299	748
3299	2962
3299	3299
3300	595
3300	748
3300	2962
3300	3300
3301	595
3301	748
3301	2962
3301	3301
3302	595
3302	748
3302	2962
3302	3302
3303	595
3303	748
3303	2962
3303	3303
3304	595
3304	748
3304	2962
3304	3304
3305	595
3305	748
3305	2962
3305	3305
3306	595
3306	748
3306	2962
3306	3306
3307	598
3307	747
3307	2060
3307	3307
3308	595
3308	748
3308	2962
3308	3308
3309	595
3309	748
3309	2962
3309	3309
3310	595
3310	748
3310	2962
3310	3310
3311	595
3311	748
3311	2962
3311	3311
3312	595
3312	748
3312	2962
3312	3312
3313	595
3313	748
3313	2962
3313	3313
3314	595
3314	748
3314	2962
3314	3314
3315	595
3315	748
3315	2962
3315	3315
3316	595
3316	748
3316	2962
3316	3316
3318	598
3318	747
3318	2060
3318	3318
3319	598
3319	747
3319	2060
3319	3319
3320	598
3320	747
3320	2060
3320	3320
3321	595
3321	748
3321	2962
3321	3321
3322	598
3322	747
3322	2060
3322	3322
3323	598
3323	747
3323	2060
3323	3323
3324	595
3324	748
3324	2962
3324	3324
3325	595
3325	748
3325	2962
3325	3325
3326	595
3326	748
3326	2962
3326	3326
3327	595
3327	748
3327	2962
3327	3327
3328	595
3328	748
3328	2962
3328	3328
3329	595
3329	748
3329	2962
3329	3329
3330	595
3330	748
3330	2962
3330	3330
3331	595
3331	748
3331	2962
3331	3331
3332	595
3332	748
3332	2962
3332	3332
3333	595
3333	748
3333	2962
3333	3333
3334	595
3334	748
3334	2962
3334	3334
3335	595
3335	748
3335	2962
3335	3335
3336	595
3336	748
3336	2962
3336	3336
3337	595
3337	748
3337	2962
3337	3337
3338	595
3338	748
3338	2962
3338	3338
3339	595
3339	748
3339	2962
3339	3339
3340	595
3340	748
3340	2962
3340	3340
3341	595
3341	748
3341	2962
3341	3341
3342	595
3342	748
3342	2962
3342	3342
3343	595
3343	748
3343	2962
3343	3343
3344	595
3344	748
3344	2962
3344	3344
3345	595
3345	748
3345	2962
3345	3345
3346	595
3346	748
3346	2962
3346	3346
3347	595
3347	748
3347	2962
3347	3347
3348	595
3348	748
3348	2962
3348	3348
3349	598
3349	747
3349	2060
3349	3349
3350	598
3350	747
3350	2060
3350	3350
3351	598
3351	747
3351	2060
3351	3351
3352	595
3352	748
3352	2962
3352	3352
3353	598
3353	747
3353	2060
3353	3353
3354	598
3354	747
3354	2060
3354	3354
3355	595
3355	748
3355	2962
3355	3355
3356	595
3356	748
3356	2962
3356	3356
3357	595
3357	748
3357	2962
3357	3357
3358	595
3358	748
3358	2962
3358	3358
3359	595
3359	748
3359	2962
3359	3359
3360	595
3360	748
3360	2962
3360	3360
3361	598
3361	747
3361	2060
3361	3361
3362	595
3362	748
3362	2962
3362	3362
3363	598
3363	747
3363	2060
3363	3363
3364	595
3364	748
3364	2962
3364	3364
3365	595
3365	748
3365	2962
3365	3365
3366	595
3366	748
3366	2962
3366	3366
3367	595
3367	748
3367	2962
3367	3367
3368	595
3368	748
3368	2962
3368	3368
3369	598
3369	747
3369	2060
3369	3369
3370	598
3370	747
3370	2060
3370	3370
3371	598
3371	747
3371	2060
3371	3371
3372	598
3372	747
3372	2060
3372	3372
3373	598
3373	747
3373	2060
3373	3373
3374	598
3374	747
3374	2060
3374	3374
3375	598
3375	747
3375	2060
3375	3375
3376	598
3376	747
3376	2060
3376	3376
3377	598
3377	747
3377	2060
3377	3377
3378	598
3378	747
3378	2060
3378	3378
3379	598
3379	747
3379	2060
3379	3379
3380	598
3380	747
3380	2060
3380	3380
3381	598
3381	747
3381	2060
3381	3381
3382	598
3382	747
3382	2060
3382	3382
3383	595
3383	748
3383	2962
3383	3383
3384	598
3384	747
3384	2060
3384	3384
3385	598
3385	747
3385	2060
3385	3385
3386	598
3386	747
3386	2060
3386	3386
3387	598
3387	747
3387	2060
3387	3387
3388	595
3388	748
3388	2962
3388	3388
3389	595
3389	748
3389	2962
3389	3389
3390	595
3390	748
3390	2962
3390	3390
3391	595
3391	748
3391	2962
3391	3391
3392	595
3392	748
3392	2962
3392	3392
3393	595
3393	748
3393	2962
3393	3393
3394	595
3394	748
3394	2962
3394	3394
3395	595
3395	748
3395	2962
3395	3395
3396	595
3396	748
3396	2962
3396	3396
3397	595
3397	748
3397	2962
3397	3397
3398	336
3398	350
3398	351
3398	353
3398	385
3398	579
3398	596
3398	597
3398	598
3398	2060
3398	3398
3399	336
3399	344
3399	351
3399	353
3399	385
3399	579
3399	596
3399	597
3399	598
3399	2060
3399	3399
3400	336
3400	344
3400	351
3400	353
3400	385
3400	579
3400	596
3400	597
3400	598
3400	2060
3400	3400
3401	336
3401	342
3401	351
3401	353
3401	385
3401	579
3401	581
3401	596
3401	597
3401	598
3401	2060
3401	3401
3402	336
3402	340
3402	352
3402	353
3402	594
3402	595
3402	598
3402	603
3402	604
3402	2060
3402	3402
3403	336
3403	338
3403	351
3403	353
3403	385
3403	579
3403	596
3403	597
3403	598
3403	2060
3403	3403
3404	336
3404	351
3404	353
3404	385
3404	578
3404	579
3404	596
3404	597
3404	598
3404	2060
3404	3404
3405	336
3405	351
3405	353
3405	385
3405	579
3405	596
3405	597
3405	598
3405	608
3405	2060
3405	3405
3406	336
3406	344
3406	351
3406	353
3406	385
3406	579
3406	596
3406	597
3406	598
3406	2060
3406	3406
3407	336
3407	340
3407	352
3407	353
3407	594
3407	595
3407	598
3407	604
3407	687
3407	2060
3407	3407
3409	336
3409	345
3409	351
3409	353
3409	360
3409	385
3409	579
3409	596
3409	597
3409	598
3409	2060
3409	3409
3410	336
3410	345
3410	351
3410	353
3410	360
3410	385
3410	579
3410	596
3410	597
3410	598
3410	2060
3410	3410
3411	352
3411	353
3411	594
3411	595
3411	598
3411	2060
3411	3411
3412	336
3412	340
3412	352
3412	353
3412	594
3412	595
3412	598
3412	604
3412	687
3412	2060
3412	3412
3413	336
3413	340
3413	352
3413	353
3413	584
3413	594
3413	595
3413	598
3413	604
3413	2060
3413	3413
3414	352
3414	353
3414	594
3414	595
3414	598
3414	2060
3414	3414
3415	336
3415	345
3415	351
3415	353
3415	360
3415	385
3415	579
3415	596
3415	597
3415	598
3415	2060
3415	3415
3416	336
3416	351
3416	353
3416	385
3416	578
3416	579
3416	596
3416	597
3416	598
3416	2060
3416	3416
3417	336
3417	344
3417	351
3417	353
3417	385
3417	579
3417	596
3417	597
3417	598
3417	2060
3417	3417
3418	336
3418	345
3418	351
3418	353
3418	360
3418	385
3418	579
3418	596
3418	597
3418	598
3418	2060
3418	3418
3419	336
3419	340
3419	352
3419	353
3419	594
3419	595
3419	598
3419	604
3419	628
3419	2060
3419	3419
3420	336
3420	344
3420	351
3420	353
3420	385
3420	579
3420	596
3420	597
3420	598
3420	2060
3420	3420
3421	336
3421	338
3421	351
3421	353
3421	385
3421	579
3421	596
3421	597
3421	598
3421	2060
3421	3421
3422	336
3422	351
3422	353
3422	385
3422	579
3422	596
3422	597
3422	598
3422	609
3422	2060
3422	3422
3423	336
3423	351
3423	353
3423	385
3423	578
3423	579
3423	596
3423	597
3423	598
3423	2060
3423	3423
3424	401
3424	2060
3424	3424
3425	595
3425	748
3425	2962
3425	3425
3428	3428
3429	3428
3429	3429
3430	3428
3430	3430
3431	3428
3431	3431
3432	3428
3432	3432
3433	709
3433	743
3433	3433
3434	709
3434	743
3434	3434
3435	709
3435	743
3435	3434
3435	3435
3436	709
3436	743
3436	3433
3436	3436
3437	709
3437	743
3437	3434
3437	3437
3438	709
3438	743
3438	3433
3438	3438
3439	709
3439	743
3439	3433
3439	3439
3440	709
3440	743
3440	3434
3440	3440
3441	336
3441	351
3441	353
3441	385
3441	579
3441	596
3441	597
3441	598
3441	608
3441	2060
3441	3441
3442	706
3442	709
3442	743
3442	3442
3443	706
3443	709
3443	743
3443	3443
3444	706
3444	709
3444	743
3444	3444
3445	346
3445	352
3445	353
3445	594
3445	595
3445	598
3445	2060
3445	3445
3446	346
3446	352
3446	353
3446	594
3446	595
3446	598
3446	2060
3446	3446
