FilterObjecttypeID	IMBORGUID	Filter	Objecttype	Wijzigingsdatum
962	ada021d8-2b3f-4096-bdbe-ff43d9dfc3bc	14958	14655	null
963	9a390168-2512-4d7d-8df7-0f9b048976c2	79	11435	null
964	224f01fe-27eb-4e47-a7cd-80c43a33dca8	1087	1	null
965	3644e5e2-ba20-4e7e-a648-3359886c2177	16548	5	null
966	c06e5601-704f-41af-a6bd-9129bab587bb	1090	10479	null
967	179e5189-fdfc-4ffb-ab0e-b634605511f2	14992	6	null
968	1e1ce66e-9143-481e-aaed-818ff2b92b3b	1083	7	null
969	2f3b65c8-8352-43c4-a35b-7f9b7ad456b7	23580	11156	null
970	2b2da5a2-fe83-40f9-8fbe-e4d845f7454d	14807	8	null
971	227b099b-370c-47cc-a653-be296d8a5fd4	1095	10205	null
972	0c8397ab-5258-48c3-986f-1cce0f09d89f	14967	15251	null
973	3411e934-7bf0-4693-8051-7d82795b3e32	14807	11450	null
974	8b8dd6c8-8e5a-4fd8-941b-24f2640abcc6	23114	15399	null
975	10e34e9e-4ff5-43c0-ba6c-f8a5bcfdc0fd	1089	11179	null
976	aa8e50be-44b6-4ae6-820a-06b1d5acb761	14969	14565	null
977	358f1e5b-c6ba-4f27-a0f0-15648243933a	14807	10547	null
978	0af895a0-5eea-4c14-8b26-33f09c1c123e	1089	9	null
979	01526817-c5c2-489a-ae67-67fb1fd2fd72	14807	10549	null
980	71ce9298-1d8d-4651-9b9a-0a294536e96e	1089	11171	null
981	f43610af-cb1b-4e4c-a3a2-f3b68a2c4aa1	1080	10	null
983	033a9045-de9c-40b6-9c91-a182dc945a2e	14958	16867	null
984	af88175e-b3dc-4315-a4ce-96b765473510	23579	15518	null
986	fd35bfca-dd50-4ef2-9075-d91f26c88b75	14800	11	null
987	39ddf6a1-ab5f-4ab3-a026-ecc5d5ec2bd2	16548	16854	null
988	30ee79c9-273a-4884-841b-b4a62ff4b2b2	79	14619	null
989	d96b8b80-31ce-4eaf-93dd-1b6b2d6d4345	16548	16547	null
990	ad169fbc-9e39-42ec-9432-90e3f73c8511	1089	12	null
991	860de5f1-511d-4ee3-a355-549b3ccd3b98	1082	13	null
992	b1b3486c-4c26-4082-88a3-2bd0243e9e3b	14450	14	null
993	5744835b-755b-4f7b-bbde-88cb49e7cb2b	16548	15	null
994	cb9b0fbf-ce73-4242-8732-a8be12bbcb5f	1089	16	null
995	e7645c52-6bd5-4cba-96bb-a6342d14ebe1	273	14809	null
996	31152982-9eb8-4ff5-b40f-6ad49237b58c	16756	15388	null
997	7cbb8906-433a-4bb0-9819-40e4bb5411e2	14967	15252	null
998	4c9525bd-4704-41a2-aebb-01dacee74b35	1089	11172	null
999	4db81a80-656d-4ccf-a2c3-9e3252187dae	1089	11180	null
1000	2dfd0e9b-f131-48db-9c46-323622c4fbf8	1089	11173	null
1001	753dcd44-4a9b-4004-a12a-49ad561ac9a2	1089	11174	null
1002	dd756d1e-fd10-4cba-96de-2113abf25aa0	1095	17	null
1003	c3a493f6-be49-4ad9-a9d4-2044d7cf4acc	1095	18	null
1004	39c4c8d5-0f2b-4abc-ac52-72bbba1f0994	1089	10129	null
1005	05e2a98e-756f-4697-992e-1ccaca78d039	14962	8328	null
1006	bc1963ee-cedf-49bf-a7bf-a7c605ae2831	14800	238	null
1007	d5ae4475-6415-4602-9c08-b2acbeb06801	1091	23679	null
1008	e62ffb12-1593-4f85-a485-d9f52a23585c	8922	8982	null
1009	72500c24-acfd-407d-be84-eb35d6d407ae	14450	10743	null
1010	276bfb82-461c-4c8e-a0bf-e4b1a1ebba93	1090	19	null
1011	80349d0f-461b-4dba-b9a6-98ca43439df1	14978	20	null
1012	921cbd2d-9126-4c81-9a8d-d12ab2e9cdf9	23114	379	null
1013	3028ab4b-9cd9-4d60-b6ad-b87e896c5af9	23114	21	null
1014	7d4c2e91-dbb0-4820-91e2-be1e7297ab94	14807	23659	null
1015	8034d362-9f1b-43b3-8399-c1344b16dc61	79	11582	null
1016	01ea7609-b29b-4957-81c7-fdd2f2f32148	23114	22	null
1017	24d0f1bf-2b25-476b-bbce-82d2fd3bd005	1094	10816	null
1018	8ad609af-ca89-41e8-beb3-afb5319413d0	14807	10551	null
1019	cb0a05b8-70a5-434e-9a9a-b061679acc7d	1095	8747	null
1020	8fedca7e-f34d-4f33-a5e3-9e63fd786ba0	14807	10552	null
1021	ccc2e144-ee42-4ecf-8d00-616f56622397	23622	23696	null
1022	ea041979-fd9f-4402-b8ac-35cbdb7572b7	1091	15418	null
1023	7a64c93f-c866-46bd-bc9d-60037878ade1	1090	23	null
1024	954054e3-0d1b-423a-8802-8bb9cb932b5a	1090	21635	null
1025	9b543122-a663-477e-8f93-f278f919b98b	14969	25	null
1026	9633f32d-41a8-4b92-b1b0-9443954c2d98	14808	9381	null
1027	a40dd937-2d79-4fe5-a341-c6c891a2ad59	14992	26	null
1028	1f40d492-cac3-4820-a51b-726ddb0d31c6	14969	8767	null
1029	91888105-2fd6-43fb-8d5b-73f5633f51a8	1090	27	null
1030	386b2160-c782-4ccf-80bd-24825d03e39d	23134	9413	null
1031	ab7eb792-2739-4bd7-a7c1-d1073d00b3b6	23622	11587	null
1032	78db2d0a-5c3a-470b-98a3-aec362d3b182	23134	9412	null
1033	071f3da7-7b19-45f2-85a7-dda948c84566	23622	11588	null
1034	b27f26c9-730f-41d2-b93f-fef9d9e1df07	14807	23139	null
1035	2d4a4e31-bd21-4ee9-8c32-f364658156d7	1087	28	null
1036	e412b643-5d33-444e-ae67-12999ea89bbb	14808	9581	null
1037	4de0624d-224d-41af-9efe-688e4a8bb5f6	1089	29	null
1038	2bc89f03-a637-4281-a312-927b1d5abbf3	1094	30	null
1039	efb0f7e6-6ca0-40a4-8a79-a38bb897dbad	273	14810	null
1040	5d6af6c8-1e9a-41a0-8aa6-b47d79437d8e	1089	31	null
1041	9bca77d5-2832-4f1c-837f-c6d355a40a45	14450	9766	null
1042	8b8cb736-ea31-48fd-b15f-afda4e54f006	14958	16861	null
1043	7043ef3c-e738-4a92-af92-58fe59f29b81	1082	23287	null
1044	35ea26ee-2dfc-407f-b3d8-401fc3fdf70e	23134	9411	null
1045	0cb509c7-d169-47b1-b9a8-5c16d957fe82	14992	32	null
1046	916824f7-9b87-435f-97b6-9bcd175e1d82	78	13876	null
1047	4d0757ca-d3e8-4232-ba9e-cf48cbc9a8dc	78	13896	null
1048	ace973b6-182f-4358-81e7-0b5bb2496169	14807	13433	null
1049	4f9f31fd-1195-4710-a49f-b912b5c2b2ae	216	23697	null
1050	faae3baf-37fa-456c-b8d0-1bb7300df1bd	1095	33	null
1051	3051e943-ea76-4e0e-8f81-bfdbf9b888aa	14969	13891	null
1052	e62be131-0c22-41e2-98de-c71d17280210	23134	11590	null
1053	ea3da466-d5e7-4066-a5f5-db307a691db6	14807	16628	null
1054	017e0fc7-57e1-4f3d-8cbb-76f440333f08	1093	10218	null
1055	b48c797b-1142-4ca0-9404-1873dee639e4	1095	34	null
1056	e07acd8e-ef16-4863-af82-600cd32746b5	23622	11595	null
1057	3f5cb9bb-46d6-4cc9-8938-bffc46556275	14807	13439	null
1058	e75aad49-9094-4e42-ae45-9e63ca1b73df	14938	13999	null
1059	71f1cd89-0792-4d9c-9807-2e21db2c2a7f	1087	35	null
1060	540da1cd-5aa7-4a8f-bc30-c933ac4e9783	1089	36	null
1061	f6b2994d-9651-4c47-b0b3-48baf1f1c335	1093	37	null
1062	a0f03401-958b-4233-b35d-42eaf833d481	1089	38	null
1063	898f1331-fb09-44f4-821b-cec83d24aae8	1089	39	null
1064	bb8b4cec-d7c1-4d5d-9179-18a09abfa3dd	1095	9668	null
1065	717d3a4e-7941-4541-9a6b-f25603e75a59	1089	40	null
1066	03a215c3-ebf2-4517-a074-0a9279b47f1e	16548	16550	null
1067	51f9d07b-79b8-4630-91c1-130b13b8a384	91	8790	null
1068	8add1a89-ddbc-4ec8-8da3-391f681db966	14967	41	null
1069	724b4581-b891-4db8-a4b4-401b683d4da9	101	14818	null
1070	1d91415e-d45e-4d25-8176-540c0962233e	101	8917	null
1071	ffb45ebd-4727-420f-997e-b225d6c80c96	14965	9703	null
1072	60d25167-3060-4a90-9482-f587a09f266f	23580	15512	null
1073	371b2429-16e2-4c0b-bf8b-404f93cbeb95	14967	15227	null
1074	bdb63a48-00b3-4c4a-867a-a588b423df7f	101	8620	null
1075	74cdd8ea-dca0-40ea-b12d-302038b6adb4	14969	42	null
1076	cf594ecb-549f-473b-ac44-35581d7b45f9	14962	10485	null
1077	d489b301-47af-4d82-87cf-f6d9e12247fc	1090	43	null
1078	0d5a888b-2825-4a55-b539-9f893488d670	1090	44	null
1079	98762a0e-d342-4c0d-8f38-3dc8449b3478	1089	45	null
1080	9a3ec8ee-00d6-49ae-aaf2-783866126c40	78	9379	null
1081	5408ed48-0fdb-4bf5-b92b-14401c17e2e9	303	8980	null
1082	3782f965-4d61-47bd-a03a-f5bcce169366	14807	23147	null
1083	b6915e73-0203-477f-966b-0784ba2e069e	14807	10560	null
1084	61aa8ed5-4f81-40f9-87be-16570c959b8d	14989	16626	null
1085	e7706929-54a3-49c0-b03e-a42028e907f3	14808	10405	null
1086	cea53c14-01a3-416e-bc9d-2b653167abeb	14965	9548	null
1087	c1ef0523-d4c4-4a0d-be9a-2f9b86846a51	14961	14134	null
1088	965d7ef1-a706-4498-bd18-e54ebed3e435	14962	14135	null
1089	d960e8f7-ea9a-42c3-9872-dca6917b08f2	14961	21561	null
1090	7da7f7db-ba7d-4249-9cdb-3f1f45162053	1091	48	null
1091	623a8788-c8ce-4d38-a0e8-f042bef5eeb6	14808	9585	null
1092	ae942bb9-9af0-4db0-9965-96c36538f66f	14961	8338	null
1093	a2b03dee-37c4-4da9-bf98-dcd922eeeb90	14958	49	null
1094	0cfa9e3d-7cfb-4f63-91ec-4f73fec280ac	14965	9549	null
1095	61721b1f-d7e7-4f9b-86b0-1dc457f83984	14961	50	null
1096	3f788bac-d6e6-4071-9f45-f30c71400962	14808	11838	null
1097	1a1dabd4-a0dd-41cd-9a37-481eada0785e	14808	15451	null
1098	c5871f02-bf09-47df-8947-3bb68f65d232	14969	8781	null
1099	26f8e338-5c39-477b-a284-d6210a8f75a4	14800	51	null
1100	225151c6-1925-4494-b546-f821c6a4917b	14992	15559	null
1101	929a3a66-85c3-482c-bd76-451a118ea56b	1089	11181	null
1102	018eab87-0210-4ca4-b621-b6114161fa8a	1089	11175	null
1103	9890fd52-7fc0-48b1-ae61-057468b514bf	14807	23140	null
1104	15e63b9d-570a-41c5-8270-f60d53cca80b	120	10249	null
1105	4e752722-022c-48cd-85f6-68c154f58362	14808	14991	null
1106	2f9df2b7-ffe9-415a-92bb-7f9051143253	1082	23288	null
1107	fb2ad893-2c52-49bc-8698-50a5afdccbed	16548	16535	null
1108	ebc9265a-059c-48fd-a906-9ab7f58ea214	23114	7744	null
1109	2e903d18-c1c3-47fd-8806-477195eb2bc3	14807	16627	null
1110	f74b56f4-e23c-49b6-af44-f73e5844cb85	16548	16541	null
1111	6049b801-c604-4471-893a-a859de733d48	14469	14993	null
1112	38f06a5b-8e57-402c-b3bb-c1a93a32d37b	16548	16542	null
1113	c64f1030-19d6-41c2-b843-170a4154efce	1080	53	null
1114	b68e1738-960b-481a-ab07-c99fd3710aa5	1090	21630	null
1115	dea40e75-0851-4ce8-8964-fc9e2f6adaf2	16548	16540	null
1116	f2066d7a-569b-40b8-986a-edd3a25bc0c5	16548	16539	null
1117	8cab3447-9f5e-47d7-a611-4b454f001a71	1087	54	null
1118	c3ab50f3-1c02-4620-bf6e-bc45d353c4e2	14978	14980	null
1119	15341f67-3b16-4300-8a56-a5bbf8facf1f	23580	11149	null
1120	515d9716-4349-4c04-97ba-d55ea77a9528	14967	15253	null
1121	9a0b3a0d-3f7b-46cc-939b-bb38469aa6aa	1087	55	null
1122	5a125124-cf7a-42b0-99d6-0dfac70e6ad7	1087	56	null
1123	1e3644b3-64dc-470d-a802-c04afbd0ce54	78	9378	null
1124	2ef3ddf6-01ad-4fe2-a252-d9c336e55ddd	120	10250	null
1125	a5739ae0-8783-4720-94f5-254862f4338b	14958	57	null
1126	2d9352c4-dd89-4336-a68a-72ea7be98824	14807	9739	null
1127	7d519c4b-2e72-48fa-a07c-474088a54771	14978	58	null
1128	1bd255b3-3974-4c8d-85d4-b906dbc59504	14955	9750	null
1129	79b40db8-5d3c-441a-bfd3-a114b8a03564	79	11883	null
1130	d5d8d90e-c9fe-4ef3-81ce-84faeddb592c	14958	9555	null
1132	f37dd785-0bac-46e2-bac2-fb3cf80cd67d	14807	15255	null
1133	dc7ee87c-7362-498b-8af3-1e3489afc94d	14965	8284	null
1134	92323e96-aaac-47bd-9dd9-961ed0278418	14807	14917	null
1135	5436cdf2-9f07-4320-b134-6ab5d80c7ced	14988	14000	null
1136	ed5b4c43-6b44-4863-8600-589e94bf9bcc	1087	14910	null
1137	b00af6ec-2e01-4049-82dd-7bacc3eff476	14800	10817	null
1138	3fbd2324-d4b4-4a2a-a768-a2fdb63fea08	1089	60	null
1139	c79746f6-8bd1-4c28-a7dd-38dec41f9a5c	23622	11888	null
1140	345d9173-eb54-4ec2-a5e1-5b8732117307	23592	13452	null
1141	65b31a2b-fb65-4c62-a9fd-70098dad82fa	1083	14803	null
1142	efa8edf0-19bb-4312-9642-522f012a82be	216	10434	null
1143	a17a472c-1628-4d3b-aed5-7b4526c2062d	216	10427	null
1144	96366243-8c3c-4232-b941-1c15583a8f31	14961	8339	null
1145	2ccc5d1a-f6ed-45ae-956c-0b140a7089f9	1090	61	null
1146	1bf4fb31-1ba6-47eb-9ed7-bf6e34a84771	1089	62	null
1147	e063c799-571f-4f08-8a04-af017fec98ef	23622	63	null
1148	3669ef28-febd-4633-954c-36c43a65cb14	23622	23689	null
1149	a239908d-892d-4eee-9c51-a4d0c5542e1a	23580	21602	null
1150	e4e5ba0d-e034-4b12-9bf9-551f46b86383	23580	23582	null
1151	a6baba65-34a8-49ee-bb35-5d485b79b05c	91	11191	null
1152	f2edceec-e32c-48f5-b168-65ce59dd0f94	1090	64	null
1153	0b6485a6-b869-4264-8d17-e60d7ea821c5	14807	10570	null
1154	52f87427-f10d-4ca4-b612-d320947714c6	14807	14918	null
1155	b340d7a9-ea4d-4712-a7a8-459fea02aaa6	1094	65	null
1156	ad6d9baa-b7ab-4bef-a33c-9424bf7a1e53	1093	66	null
1157	a38917aa-554f-4220-a0fb-a061e01f3fef	1080	67	null
1158	9e1d0903-9cee-4a36-86d5-915c7f12da90	1087	68	null
1159	2869edc4-176d-4dbc-a608-3ac8d2e49919	1089	69	null
1160	35104348-f64a-4f15-9e9f-d9d04a9da4c8	14958	70	null
1161	9a9292a0-a77b-435c-aca2-81633c75d9e0	23622	11913	null
1162	70af17c3-19a2-421f-ab55-387df50d4218	14958	71	null
1163	6dbb78cb-7f3f-45ec-b783-2e0bf3096c7e	23622	11152	null
1164	8e351174-09fb-4231-9041-5ac6b3b49364	14969	8782	null
1165	78e9d2f5-ea47-4339-a5ec-d3d846e96d11	23622	11914	null
1166	30daee7b-7b68-4fc7-9c10-6e33a5bda1a2	14807	13490	null
1167	b8fe7b26-4c10-49db-a543-8812483be013	1089	72	null
1168	d12dc743-ed1a-4193-bd64-0aa949a4b2b8	23622	73	null
1169	401e4260-80c7-4433-b377-8721f78c4188	1090	23151	null
1170	95ddc7a2-838d-4c7b-b2dd-7127f04e8ac2	23580	15506	null
1171	671b09b1-a483-4920-8b93-7a46ea3ffd62	14807	9736	null
1172	07cf0cd9-2146-4967-8c87-0c583eed72ff	101	8623	null
1173	2ad4e333-f47a-4005-adf9-b3bdc1404774	23592	13493	null
1174	c37cc2f2-9ebb-4792-a41e-21a608f941d3	91	11192	null
1175	53f9fa65-ce47-4abd-8796-b71d28a8492f	23622	11924	null
1176	6bcbd663-1c12-47cc-b90f-cf3a4d8befbe	91	11193	null
1177	3c3d5a51-ec08-4da9-a03e-494c15aa5e2e	1087	10576	null
1178	e996662d-fb5d-42f7-9a1e-5a879b2a7d05	14450	74	null
1179	01cda077-ce59-4000-a5d7-9b9d22caab90	14979	14624	null
1180	729bc889-2dc0-4999-854c-e43da5f3db2b	79	14620	null
1181	9b25eef6-9e3c-4b3f-8201-b07fb0e90e35	78	9377	null
1182	9c5cd971-11f4-4975-8a12-2c7594ce8733	14992	75	null
1183	c3900298-c7e7-491c-adde-1d105eb75875	273	14813	null
1184	c59e3628-cff0-4983-829d-3f974574acf9	14963	15385	null
1185	e27f636c-0538-40e0-b1d4-90794a36b8b2	14807	10580	null
1186	35bbd0b8-19fa-4dcd-b369-0ea228ff287e	1090	10424	null
1187	eb47e951-6294-4f72-833f-50b24c74a43c	14808	14912	null
1188	5fd338af-e6ad-4b22-89d7-21d3b9c8a5b9	14965	8348	null
1189	4ab6e9dc-8dc1-4ccd-8527-6d50952fd8ec	1090	16624	null
1190	068b44fb-9cbc-457c-98e5-940317150e13	14807	12099	null
1191	fbc98a55-c6d1-420b-9d8f-19d8fcf9710c	216	12100	null
1192	edcd86f3-b2a5-4d26-8702-9bd280b7f287	79	9380	null
1193	a0bc9e50-7dfb-4cd6-b4bb-39a4cb5ed056	79	9376	null
1194	152508ce-faa0-4c95-8d11-dcd77b11bbd6	1090	76	null
1196	21f31416-1ca5-442f-a829-cbcd36fa0016	79	14618	null
1197	d7d8831e-86bf-4962-a5f9-4e93973e53c0	79	14081	null
1198	d7f2b9b8-9cbf-45f2-9146-3fc4b8ccf10d	79	9374	null
1199	d3f84724-9025-4a8f-b0a2-9d3879664827	1089	9016	null
1200	da880c35-8e8d-4b8c-ba10-886b6635cd77	1089	9014	null
1201	ad93f4ba-edb6-4519-95a1-e5b4fc8d67ce	1089	9015	null
1202	f6d50f98-625a-4d74-8496-f2cfa55a99b1	1089	9013	null
1203	06f66a7b-1d7b-4510-944f-abda5700b8fa	1089	10583	null
1204	4c329a17-4cef-4334-98fd-34e4801605c9	1089	9017	null
1205	e7a5b8ee-8db3-4a12-a434-ecdd918b356d	14961	80	null
1206	78a5b829-cbfc-4e7d-9a6f-90c550cab61d	1089	82	null
1207	a501d69b-2bf1-4225-93c0-12046fa79032	1089	9018	null
1208	5af50552-754f-4323-9527-7437aad76f4b	14958	21631	null
1209	8a64357c-69d5-49aa-9693-f41ad57cbe07	1089	9019	null
1210	dd164411-7675-4d9b-95c8-39dab5e6989c	14958	16863	null
1211	1a9184ff-42c4-471e-adeb-a84727ee6a00	1090	83	null
1212	171908ba-0278-4f95-a980-6203346c3370	91	11195	null
1213	521bbde7-a740-4b0d-ba95-1b4c0f66d8c2	14807	14920	null
1214	ce080188-7310-4b3e-b099-c85a26925c30	14450	84	null
1215	2bbc96ae-bbf4-41a6-a832-d13a0882a590	14807	10584	null
1216	d533660e-8197-4387-808c-79d2de518610	1087	85	null
1217	58e7aa50-50a6-4ce1-8bbc-964c27e3716a	15446	15447	null
1218	0a63047d-156c-4230-9cd5-749bd1bbe411	14807	12153	null
1219	ef1fe53c-1108-4cbe-bac1-a723255e1f96	101	14819	null
1220	7133ae89-1ec5-4e68-88a8-1ef6870f3974	78	21926	null
1221	bcf38a43-5688-46ef-8faf-48b53b24dff9	14808	9578	null
1222	2765b34e-3504-4e15-8b33-2ee2b801545c	14992	86	null
1223	565ff55d-f434-48b4-afaf-2b8b712baabb	1090	87	null
1224	549f6f20-c46c-4ef6-97f0-04326575a341	23114	9790	null
1226	c8291f9e-b76f-4831-b0f8-19b4e8d61d76	15280	15380	null
1227	35c45d84-a1e3-4a6b-a6ae-a4529254e75f	1090	10429	null
1228	304ab2a0-76d1-4f09-a88e-41bdfb8802bc	1095	88	null
1229	8eadfaa9-0797-4201-a522-c15c4633d651	1094	89	null
1230	21c0043f-2159-45de-98e3-1a893aa26bd7	14808	9793	null
1231	b5b29ea4-e14d-4dff-a2b7-4fb5fadc8925	1092	90	null
1232	57fdf0ca-4e08-4329-b505-f63a4da30c24	14958	16862	null
1233	65b4f780-da76-4b9a-a32f-b82d85409798	91	8777	null
1234	a0e5778d-8ecc-42b1-9aaa-e251cc07fe68	91	8778	null
1235	c1a8ba78-7b32-48f3-bde4-ae25445799b0	14978	14981	null
1236	2e68dabc-eeb6-4d43-a287-13631ea8a5ff	1091	92	null
1237	6ec80ebd-a937-4318-8ee2-5212b2c7dbe6	23622	12197	null
1238	e9ebb3c8-91e8-4971-92f0-d0628b92989c	23622	12198	null
1239	6ca16cf8-5c84-4e39-9475-b2dce3a8871b	1089	21634	null
1240	9121fdf2-f69c-489a-bf58-692e4b047566	23579	15519	null
1241	a35a4ec3-a691-497f-845b-7347f5143786	23580	21603	null
1242	a3b03363-5f4b-430d-bf5d-c8e8aad7daf6	303	14815	null
1243	7797c061-1426-46f1-9590-08cc61be8f46	14963	16727	null
1244	54c586ac-e0c6-41ab-8dab-d1e2b046aad8	1093	93	null
1245	0b1f2981-a1ff-46df-b7ef-8ad5bb49be9e	1093	22094	null
1246	5ce7d270-2fa5-4427-8890-401f43de74f5	14808	9579	null
1247	5baddf0c-a8c1-4b7b-bf73-769fba973d93	14958	95	null
1248	28cf0629-8c81-4019-9a37-469abfff029a	1089	11182	null
1249	751a50fa-2f83-4e8e-80cf-ff3349727b93	1095	96	null
1250	1072ec63-3b25-4291-97b2-f94fcbdf1779	8922	8981	null
1251	daa9d3d5-a3cd-4b9b-9f44-4bd30aecefa3	1089	97	null
1252	c17e7f3f-fefc-474f-9e78-8ff56190ba41	1089	9358	null
1253	f968ca6c-fad4-4420-8d79-6d7a192237f9	23114	9394	null
1254	16f9a7de-c495-4297-aa9f-7bca433b7d4e	23114	10215	null
1255	b2b5c530-488f-4039-8bcb-b711ec4d51af	101	8915	null
1256	1efcec36-05ae-41fd-9300-2605493c7d60	1089	11183	null
1257	20597140-4cf9-4f63-a322-723559dd40f5	1089	10338	null
1258	3804ca2d-f94c-47c1-8cab-c806bca8e58b	303	8923	null
1259	2e6b946d-14fa-4675-a4b5-24ab62e17a10	23134	99	null
1260	b95a35da-ac49-4125-859c-69721d658775	14938	100	null
1261	0247e6d7-1ad2-46c0-b916-65064047b279	16548	102	null
1262	dc8444a6-5e95-44f5-9192-dd4b03288aba	14951	14985	null
1263	67fd7db0-dd7c-4c79-975d-74bfd868a887	14800	103	null
1264	f412fda3-2266-4ce4-bf8f-a8a55d46dc6a	23579	15511	null
1265	085f52d9-413c-46c7-bd7a-62af3adb08a6	23579	15520	null
1266	3d3e4ead-3f32-4bae-88f2-a54705730831	101	8914	null
1267	8772dd20-a20c-4655-a837-26dd868efd00	14989	104	null
1268	a7034642-f767-44e8-8da4-1e0aa9aaf22f	273	14812	null
1269	4faef9e7-f189-42c5-86a0-1317d0cc39f8	1089	11164	null
1270	07104c9a-2787-4a7d-b4ae-c51f5ba67967	14961	14142	null
1271	68d27f0e-8912-4e41-b5e6-8e8de0248e3f	14961	9757	null
1272	48e06844-c304-45c7-a6de-2dd31a04674c	14961	14143	null
1273	36606312-32b6-4305-8c68-3a9e6a7b3387	14961	105	null
1274	1da209c1-fb11-4aec-8dc6-38c4452ead9e	14969	106	null
1275	c5d0a482-6fba-4ecf-8fc3-797b07859af9	23592	8979	null
1276	4e66ae80-98b2-4bd8-8055-60b2d48ff69c	14978	107	null
1277	00500eeb-8a55-4826-91d9-46727c0874f2	101	8635	null
1279	3943b226-2386-4d80-97e8-018b66bd9e6a	14967	22565	null
1280	38f89839-921a-4586-8b1e-3a7be2a8c29e	23134	8287	null
1281	a10b8b30-11fb-4546-b266-b66a6db7e41f	23622	12251	null
1283	7eb180c4-a3d9-4126-aec3-7e5617c36778	14992	10483	null
1284	4ac3f229-448a-496b-b991-4870b845e255	14807	9735	null
1285	d686b3e4-d050-4f03-a425-c6cd6c730d0f	1089	11176	null
1286	4af847c9-6054-4f92-8517-4962e1f0e7ef	23114	9535	null
1287	d39719c5-4fcd-4bf0-a9d5-d1ffc3d8bc1f	216	12266	null
1288	0b5a7552-bbda-4ea6-b407-2398d978c756	1095	8964	null
1289	31d2b72d-5048-4799-9eb5-ea5d7ebd0885	14969	110	null
1290	ebe2bbf6-67f3-48b0-ac94-35f7ac050c1e	14800	111	null
1291	3221b87b-5cf1-4554-ad58-e3dcbe1d188b	120	12269	null
1292	521793ca-1514-4bec-b82d-589aa2d50046	14970	21770	null
1293	eda03e59-2272-4c71-a4a0-9b7ce48ec939	1089	112	null
1294	53e70fc1-d7f8-4991-bc3a-a9cf78a3fbab	1094	113	null
1295	6243ac1d-b825-4040-a456-552146f9013c	1089	22128	null
1296	a69e8cfd-9b44-4caf-97b3-e0c2297d4cc9	79	13560	null
1297	dc9b564d-5b94-4290-93f9-574310a880c3	23580	11150	null
1298	dfb2c2bd-b103-4b16-8bdb-d06f99382deb	23114	14911	null
1299	2aa41510-528d-46e1-87cb-65196d8dde97	101	23176	null
1300	abcf1684-6272-4637-9495-4027cccad1de	101	8932	null
1301	86f2e39e-4e65-4431-886a-1252477cf208	1082	23289	null
1302	fdf91e4a-66ce-4c2b-8240-f9166a53bdc8	14808	10756	null
1303	9e9ae24b-1c29-4654-a538-42c3ff455350	91	11194	null
1304	a87c33e9-3290-4cbd-94fd-9499b6d628c7	23622	12277	null
1305	ebff85a3-1bdf-4283-9c9f-281e189d9444	23622	23583	null
1306	b499f62b-d8da-448a-ab51-6a0d31796e3e	14969	114	null
1307	8b507b6c-638f-441a-bb70-ec581cc55fab	23134	15490	null
1308	fa24aca5-fec7-48ba-84f1-4fbefc3059ff	23134	15491	null
1309	87eba6e0-7d3d-45a8-a13e-224cac2425a5	23134	15492	null
1310	5df9812f-9599-4575-8bf6-5ffda8de97d6	23134	15493	null
1311	1ebb0f1e-de42-49fb-bedc-ff88392de672	1083	16775	null
1312	45737d08-3164-4fb7-a17a-c850b5e62090	79	12279	null
1313	e5ee99e3-ce02-4c8b-9010-6c057a245c30	23134	9410	null
1314	bb2fa564-9761-445c-b1ae-5f94bd9b1f49	16623	16622	null
1315	2df767c5-b326-4701-81f0-8701f5ca0823	1090	10430	null
1316	0e6c1004-2783-41ba-9cba-f94841886644	14807	10598	null
1317	458c4a2e-a26a-49ef-a461-a74b65bc1741	1090	115	null
1318	c5fdb837-3ce2-4545-af7a-f8fdd7cc556f	23622	12284	null
1319	9ca2915d-9dd9-4727-8036-bd50cdc12177	23580	15508	null
1322	5b1a6acb-02b5-4abe-8b1c-152f7e1aedd0	1089	118	null
1323	30f90b40-82dd-4842-bea7-2add56792817	1090	22320	null
1324	33c2c81d-be36-44b8-91ea-388d8ebfc773	23114	10864	null
1325	87df038d-8908-4cbd-adac-e5df34fe2e7e	14807	10601	null
1326	5fe779eb-003e-4c86-9b0c-6cff3ec2ec01	1087	23688	null
1327	f88b5893-b14e-497f-8f52-446f8a9c1e25	14807	10602	null
1328	663a382f-8101-47e0-8847-6acbeac7788d	23114	8292	null
1329	f13c5c9c-80ff-4a53-abcc-4673e6079f00	14961	15555	null
1330	95ee7658-d39c-4d72-af24-e4bb2422bcd9	78	9367	null
1331	5d8d7db0-e438-4ca2-9a45-a9053595475d	216	10435	null
1332	99e27145-b0c8-4497-863a-8473d2e04405	1095	14571	null
1333	380457e1-4838-4617-8564-db882d509235	14807	12290	null
1334	cad11c83-401f-4ab5-aedc-048e084fe007	216	12291	null
1335	0997b3e8-7015-45d1-a6f1-82de961ac4f6	14958	21777	null
1336	ae464f3c-dc5d-4b42-872e-5cfd6f1e8b19	14807	121	null
1337	88e7df77-5821-4ba4-98ff-7ae1a2e40724	23115	122	null
1338	62754019-5046-4270-b322-585733074af8	1082	123	null
1339	01cbcd3b-e98c-4a0f-8510-4e5b61228866	14962	10188	null
1340	de224286-a581-40f5-8841-d035aa712ca8	1087	124	null
1341	774ffef0-f14b-4f64-9bee-8a766d8698a3	8922	8983	null
1342	471f059a-a85a-483a-951d-531c017cc133	23114	10865	null
1343	639dc540-f1fc-4d30-a0c2-5f474c1dacdc	14807	21654	null
1344	c3a82612-649a-471b-95b8-8fa2575b7563	1089	126	null
1345	da4105de-f987-4a45-a4f8-3c4ac616ff3c	14979	14845	null
1346	612de900-400e-4137-b342-91a1d0b634db	14807	23144	null
1347	6c6680ae-7233-48d3-bb92-38a2c7d80e2f	1093	10217	null
1348	79cb1c68-b16b-487f-9d71-c3eca6851a19	14965	9449	null
1349	4cac1913-d2ac-4c9f-a8cb-c7d6f397c9b1	1089	129	null
1350	6d148842-8e1d-49b2-b894-bba274fb7991	1093	130	null
1351	4ac6bafe-f7e2-42b5-ad8f-3a9d6c4fcb14	1082	131	null
1352	7663be98-906e-4886-8918-cf7c2b71bff9	14807	10614	null
1353	ebb6c8fb-25eb-439f-830c-42ee2ca2cfc5	15446	15448	null
1354	cfb5b179-fa05-4a5c-a5b4-a019a96414b5	23622	10410	null
1355	4b03520e-de19-4611-b658-bd14883631e9	1091	22090	null
1356	0810df7b-30e3-4a52-b95c-1c4479a0d61d	14992	134	null
1357	f47548fb-c86c-4293-9c61-cb0bb12979ac	78	10262	null
1358	6584e8e3-9f62-4869-bd58-2c0ef5e102b5	14962	14147	null
1359	17a1e928-6b16-4a72-820a-c91fc17f61e3	1087	15260	null
1360	464e5779-43e6-4712-b678-49932b3b527e	216	10436	null
1361	fbc07aa8-912d-40a5-b561-71a39b2bc887	14961	135	null
1362	7ccc3028-35e3-4575-83d0-7f26addf0cd0	14807	13594	null
1363	0bba25a2-27e2-4eeb-8527-c2559c755903	1089	136	null
1364	4e3b2951-b22f-4f2f-b6bf-85bf1d217c45	273	14811	null
1365	a32b08f9-9b00-4697-b669-01e925a54163	23114	22095	null
1366	9a377a43-eab2-4503-8053-20234d26f2c0	14958	137	null
1367	03b0ab4b-2a6b-4e63-8edf-bda86e43c9d9	1092	138	null
1368	2abb8cd4-efb9-4119-bc0f-da6b2d5d61dd	1089	139	null
1369	5d1247c2-3904-4546-a055-3d3c27c45d9c	14967	8957	null
1370	3d592b0c-f4b1-41a0-b9aa-8062af5daaca	14961	140	null
1371	2c7ceaab-cd14-4e01-b166-e2bf67b5e073	14969	21578	null
1372	3003fce8-3221-47cd-a651-af588102769b	14969	14649	null
1373	edba077f-230a-42f7-85dc-be4759483e86	14808	21568	null
1374	47fc8883-a152-482b-9e67-a92cbe7bbd68	120	12666	null
1375	b3e03ebe-c39b-424e-b31d-989dec556ed1	14807	9733	null
1376	52652bf8-3732-45ae-972d-d652ea22a2b1	14807	9825	null
1377	75453c04-f2a9-4ab9-9525-37e260838b7a	14955	10619	null
1378	be2a2564-6907-43be-ab6f-a86d0e6d6219	14800	15434	null
1379	82f64533-f918-491f-b882-4ee259f5e88a	23134	16618	null
1380	2ede22e9-da14-4fb0-804a-05c3dc229510	14807	10620	null
1381	0a0ffb8e-e703-49f6-841c-ee996e3119c2	1083	16617	null
1382	76cbc1eb-66a8-443f-9293-1140910ae4cd	14807	10621	null
1383	3ef0418d-f04c-4924-8052-6de082080d14	23622	15550	null
1384	2b6a1d3f-dda4-4c8d-a1de-910ff255ec49	1089	142	null
1385	4646c894-115f-48b4-912d-e939f387b556	1094	143	null
1386	47d6eb03-2a32-4b16-adfa-6c168123356a	16548	141	null
1387	33a2ffbf-d23b-4181-9825-9b6cadf607c1	14807	10623	null
1388	86326e93-a762-484f-aafc-ee5e64c0d0d8	14958	144	null
1389	6dff318c-61c9-45de-8662-caa8ca0f5e11	16548	16534	null
1390	0391e0ce-8ed1-4c97-b8c7-b8a435ba6b8f	14969	145	null
1391	ea59dcf7-4ffd-4166-becc-b4ca293c6122	1091	146	null
1392	05ab23b0-8b78-43cf-99c5-1be7d321acc9	23114	9390	null
1393	fa47eb84-be66-4a22-9b16-c68cbdf27e2e	16623	8779	null
1394	d34e7f2e-3ab9-4ec1-8fa0-0c687612d671	313	22203	null
1395	3cc6c0bd-a256-42ac-9069-829924830956	14807	9731	null
1396	85469f0e-194e-4de4-973d-3ef1bf72a5a6	14967	15254	null
1397	16fcff47-9e05-41e8-b904-2b638532e1e5	14967	149	null
1398	31f7b52b-3537-4c9c-bf5f-d78ae2f84bc4	14962	14148	null
1399	8176e44a-2df9-4c71-841d-4cb909642c5b	1090	151	null
1400	80e7761e-8b48-49f7-932c-3c0cf3aafb0f	216	10437	null
1401	542554c5-6026-4cba-86f7-5cc00bbaed43	16756	15389	null
1402	e98f23bc-f7bf-4359-b594-7c36fb7d3f10	16548	15531	null
1403	d54c41fd-3426-4781-96c2-5f48e8af51bb	14958	152	null
1404	18102dff-3b48-46cd-bf3f-ad139df31d2a	91	10741	null
1405	35841dfc-b1b7-490b-be04-64a59e54702f	23622	12692	null
1406	2143089d-d587-4b9d-8390-057e713c7655	23622	11153	null
1407	7dd828af-86e3-4f03-bbf6-a57fb2729450	1092	153	null
1408	7e2d7902-9650-4d93-bca8-65041e4f1f2b	14958	154	null
1409	e76ad312-3eca-4b06-bf75-941eb3705469	14967	155	null
1410	7b663310-03e9-4407-a952-e08f3c18c757	14807	14921	null
1411	8eb2823a-ea7b-4955-85d3-d51f96a6bf12	14807	9730	null
1412	355c1b75-4af3-462c-a528-a21e92d9b261	14992	156	null
1413	4ef2251d-8b75-4e13-b795-a14520f527e0	216	23221	null
1414	80e276bc-fcfd-4137-812f-90669b0c7e86	1089	157	null
1415	f92f30a8-6116-48f4-b7d9-1f8151e9ca65	23114	9388	null
1416	a6d066ee-f2a5-4284-8ba3-de6e78997390	1089	11165	null
1417	81189306-0adc-4be9-babe-2b43900c08d5	78	13895	null
1418	0133ffae-1c24-425d-923e-c8c0763b7593	23580	11140	null
1419	2cac2f26-ddbb-4e7c-9827-5b6e285097fe	15446	15450	null
1420	c6ff3b69-d7eb-44ee-97b4-2b054c528758	23592	8978	null
1421	5c7199c8-99c7-4044-ba7f-432ec587bc67	1094	158	null
1422	df34fde4-fdd7-4470-9527-f7bf5e9a7080	1094	159	null
1423	f7b39fc3-9f74-4308-b20e-900b3178238e	14958	160	null
1424	9527744b-5e3a-47e5-b550-64daeb6c7687	23579	15521	null
1425	a910c100-ece6-4581-81bf-ef5224c9c9fc	1095	16754	null
1426	4f5aeeb3-8e3f-4fa9-b848-348fd5d31ae1	14958	16864	null
1427	3e3c6393-73f8-4ed8-b7d2-7345946f46f3	1089	161	null
1428	e9e5f4a7-a708-4e50-b20b-c4de4e34e9c5	14961	14149	null
1429	3b1558d0-746a-4b7b-8cf9-7e515d5fdae1	120	12697	null
1430	81949f3d-7812-4fb4-be2e-d1f48ec3ffd5	1094	162	null
1431	9a240521-dfe6-4ad7-a818-ccaaace167d0	14951	21619	null
1432	905593d3-7e9c-43eb-b304-186b6b07b0c4	16548	16536	null
1433	f58698b2-b832-4bf4-a912-9c1071e21535	101	8935	null
1434	c19215d7-97ba-4903-a582-d42655d6ab05	14807	23684	null
1435	80bf1c7e-fa87-4587-9640-dfb1e5ee182c	16623	163	null
1436	29880163-0092-4a48-91e0-b935ea2c3634	79	11255	null
1437	d290d9e3-517d-438e-a89c-def9bdffb24f	14800	164	null
1438	0d867843-1010-4538-ad57-f847e93c40c5	1092	165	null
1439	30e78c21-8be3-483c-bbe0-510839b63508	14800	166	null
1440	d6c9c8cf-2a7a-403a-929e-ef73c315f600	1091	15409	null
1441	99907c4d-f22d-40e5-88c4-6dc03c4f64ba	1091	15411	null
1442	a73776c2-585e-4c8c-8832-efeea6fcf5bf	1091	15410	null
1443	68fddf52-30ba-485d-9eb7-aea875be3ffa	1091	15408	null
1444	d2742c14-3df6-4be9-a5c5-e7e0add2bb40	78	9368	null
1445	d66c6e5e-a5a4-4f41-bbf3-7750fa49af9b	78	14622	null
1446	081e881a-cc2c-4ccd-8d51-1d58e0a372b6	216	13671	null
1447	73d9e6b6-75b5-40cb-b3dd-73d2daa6af52	1087	8792	null
1448	63c65302-ef15-4030-bb0a-e95a1698f02a	1091	15417	null
1449	8348e8b9-6132-4b7d-9dc0-70a0ef48cfd6	14969	167	null
1450	4f89faaf-5b61-4994-a1fb-b63cae108654	1095	168	null
1451	5e42320c-487b-4dca-960d-bbfe05f6ab4c	14988	15391	null
1452	30bd7fd4-c1a9-4515-848e-b950a52ef75b	79	12874	null
1453	97dee4f3-ffcb-4aff-9d3e-d1a8d3446df5	14807	9729	null
1454	eb75ae1e-3a5d-43c5-86ef-f8b7658d347a	1090	10508	null
1455	10904f63-5f6d-4969-bde3-3418b2e16be0	14938	9020	null
1456	8bff0e59-b4d6-4015-a920-e76412ca9c74	23580	11159	null
1457	a2e2daa5-9015-4e0b-b6a6-e563f5d1c5b2	14953	169	null
1458	3ba69192-5c12-42b3-9869-79d42a673997	1089	21575	null
1459	3c92168b-431a-4f0c-aae9-0e07ea8d569a	1090	10512	null
1460	b9d1b42b-cefd-47f5-8191-ddc414a06b59	14807	10635	null
1461	b8598bbb-46eb-424d-9046-f43d667bfcb4	14992	170	null
1462	2d18fb32-f990-426c-aefb-ce6876d674b9	14807	10504	null
1463	3d4b2855-13bf-45dd-9512-8fe69d633bd4	14807	12883	null
1464	d59f9731-a908-4d81-8cff-a8ebb563a53b	1090	10423	null
1465	a223545e-8701-4b5b-a479-8ce8895fc1cd	14807	12884	null
1466	b7bf0e05-2f5d-4f96-a31c-ec2e9a5202a7	1090	171	null
1467	93c22dfd-cc58-4014-8b58-a4c0e6d2b3e5	273	14814	null
1468	2dfce1e8-154b-40c9-8b20-23756e039898	78	9334	null
1469	0fb46845-c6e3-4339-b4a5-aaf976610094	23134	8324	null
1470	598621e7-88ad-494e-a2d7-98a1a64e6458	1083	173	null
1471	76afb7a7-5b92-4a95-9681-3303e3ddf158	1087	10477	null
1472	081b691d-e64b-4132-8758-97c30989bd64	23580	23584	null
1473	0509ea90-21c3-4a39-841e-50718e150bba	23580	23581	null
1474	f79aa999-22e5-4f03-a5f9-9097a074ea59	23580	23585	null
1475	c6ced83f-5fa2-4b0d-b063-bab241093fb0	1091	172	null
1476	744d1496-86e4-4520-9f47-132d0ede2e5a	14807	12890	null
1477	aa2f9352-0144-4057-8ff4-5c78083d150d	1083	14802	null
1478	75c3ee0a-4b87-4979-94ca-9705b90aede4	14807	174	null
1479	15bce60e-12b1-4eeb-b6e4-88b573ba2965	23114	10406	null
1480	e1319214-0a4d-4ef3-b73c-f0b213f5c9ef	1089	175	null
1481	5d511c30-2767-48ec-89b5-9913d5f01670	91	23133	null
1482	6a69511d-1ad2-4dfc-9e79-1e7d0df7cc25	23579	15522	null
1484	63f41996-2c00-4c24-8176-6baac0317ac8	1089	177	null
1485	89c4084c-951e-4e3a-a499-499a1c16b466	1080	178	null
1486	5723f433-30df-4359-84b4-749756d98127	23114	179	null
1487	4b053b22-8e3e-4bac-a0eb-03987f201548	1090	10431	null
1488	e867dc35-db97-427c-81ca-46ac26163653	23114	180	null
1489	88a0046d-a32e-4ffd-9e16-11cc8f83acba	91	10742	null
1490	580d757c-439f-4ab5-a0dc-c982bd9d4c76	14807	181	null
1491	077a8dab-ab8e-4416-a188-882d8b000d44	14807	13674	null
1492	06589013-e8e8-4640-852e-791c6eb90b1d	1083	182	null
1493	dd6af4d7-68f5-4f7c-97a9-17a7034613a6	14450	183	null
1494	298b30ec-59b6-4418-92aa-5a0b62f424e1	1089	184	null
1495	8fe7d783-e08d-4b10-a799-5044556dd405	14807	10647	null
1496	710569e9-8460-460e-8441-de0d47b0d8f3	14807	10649	null
1497	dfa3b027-3e8a-4ebd-9c7a-8ef51c2aba80	23622	12910	null
1498	35b38116-9f4a-4280-8dcc-48430caf6fad	14958	185	null
1499	f0fb167b-d7e2-496b-a355-aabd02060c9b	14963	15386	null
1500	7098ff12-a836-4934-894c-7d9f12213c56	14808	9580	null
1501	2d92c5ad-53c9-4c06-9903-bea990f2e7a9	14971	187	null
1502	875d5949-9621-46bf-88ab-a741576128fa	78	10261	null
1503	d7539f83-5b0b-4637-b0da-045b7f0a07a0	1089	188	null
1504	92b72238-66b2-4d71-a41b-dae683c16585	1089	14924	null
1505	24cebb27-a410-4aca-a47d-f4cac83bb81b	14955	21560	null
1506	24685afe-7743-480d-af84-e91fce4a7b84	23622	23694	null
1507	9c511a39-04ae-4455-b093-3b5b0257b3f2	14965	9550	null
1508	1cae131e-dffc-486e-804f-93063043b58d	1089	190	null
1509	9028212e-afe0-4f52-ac26-5d8d9d76c7b1	14958	16871	null
1510	84021d9e-4071-4ecc-8e14-d5294de6994b	1089	9353	null
1511	5b933833-a389-4d17-9323-88d1d5739abe	14967	191	null
1512	6d740176-f250-43ef-81ce-9b98845494da	1083	15551	null
1513	0d2c625a-5a96-4719-9bc4-6a3b53cfe552	14962	14158	null
1514	a20d1d8b-2cd8-4843-8080-81ec91b061c0	14961	193	null
1515	9b15b32b-5e08-4092-915c-6ba374db329f	14958	194	null
1516	1b317e09-edd5-4f91-a64b-1c9d596a1002	14807	10651	null
1517	4a939b00-0631-489c-b595-57124e9f5700	23622	195	null
1518	5380fd3b-f04a-4fb7-a2bc-9fac270cc2af	15446	15449	null
1519	ac8ed9e8-97fb-419b-a6f9-802034988878	1089	196	null
1520	c5c05c30-c600-4f4a-9783-fa0b43871ccf	14967	197	null
1521	96ed418a-94cc-4e30-823a-a0ddded2d7a1	23622	12925	null
1522	24f6f7a3-60a6-4c03-9749-893c61e03709	23580	23586	null
1523	95268e0e-a8ce-4bb2-8687-2b233e8a8807	14969	8783	null
1524	17a0f36d-8b2b-4ec9-b2fc-8470fbad4172	14969	198	null
1525	1cbf5bcd-5ce7-4738-a942-bd384c73dbda	14955	9787	null
1526	990dcbdf-f06d-48cc-906e-b0c73c51228e	23114	10863	null
1527	fb31f662-7ac1-45cc-94bb-905a21b89df0	14807	10654	null
1528	ceb1b108-711c-4519-8491-9b1b628536e2	1089	21649	null
1529	396b64bf-443e-492e-8b87-b7feaaed3dbd	101	8597	null
1530	3f594181-2544-4703-8d91-84db3f6b0af8	1080	199	null
1531	02b5374d-221f-4439-84e7-f0f082371092	14979	14844	null
1532	34210c2e-1ddf-4faa-9d7d-6af895fe3f5d	23592	8977	null
1533	2282dcbb-d858-49f7-b986-e2302a0d33d5	14807	12935	null
1534	9118c2df-6e64-4946-8c89-c0b7d7b7c32e	14808	9955	null
1535	cc6b18b0-72b6-44d0-b81b-6ea0bb9d6331	14962	9440	null
1536	c87c59bd-c3dd-4a8f-a538-12c37518f9aa	1089	8755	null
1537	f0e0d078-ccda-4704-9058-fe7a03844294	23592	8974	null
1538	cc19dc1c-acf3-42cc-bec3-62130138ed35	1089	200	null
1539	89d1ecf0-11e4-4782-af6b-d0c176493593	14808	9956	null
1540	bb488b73-704f-4a97-94a8-163beaddab91	216	10439	null
1541	1a986fd7-7f78-484b-9c63-411504960832	216	12943	null
1542	964b34c6-f1ae-4315-a1eb-174aa8b3705a	1087	202	null
1543	75dc195a-2f49-4b68-9998-9aafdc8352cf	14971	203	null
1544	0d0b946b-6e99-4a3a-a889-761821f8096f	1091	204	null
1545	e724c4e1-d94f-4499-8639-413586589526	23580	15513	null
1546	98156116-2bfb-4a14-a559-df84ca3a961f	1090	22312	null
1547	765e7171-8062-42c2-9721-5550fc710693	14989	15499	null
1548	6f623937-5ed8-472d-8334-ccfd28634974	14989	7747	null
1549	1d008fe9-aa24-454b-b5bf-01d133971231	14800	205	null
1550	b6b83e56-03b1-4b98-b2c4-fd7ae18ef96a	1091	206	null
1551	7ae7e8c5-7ac0-42a0-bba6-2493ca647c50	1089	21553	null
1552	b4f758bf-b111-46c8-bbcf-0ee4a7235fa6	216	10513	null
1553	0bfaa2c6-fd51-427d-970b-44eccfd94e4b	14807	10660	null
1554	6160ebb3-e224-47de-9560-4a90c93ef67c	14807	13705	null
1555	0228b0a5-57ff-43ab-8a16-49e881637e4d	14807	13706	null
1556	9a4e3d5f-6f8d-4f3e-b81d-10672bea3d5e	14955	10663	null
1557	81c5d010-669b-4188-8726-6705471c05f3	1089	207	null
1558	d4d96e53-0187-4947-94e2-9111ed99b1a3	14958	16870	null
1559	fc43facc-8667-41b0-8db9-02141793454e	14970	14974	null
1560	b077971e-b69e-407c-a28e-9068b16a1366	1089	16767	null
1561	855c99ba-051f-46ab-b86d-1c5e9f92f484	1091	22299	null
1562	b4a833c1-fd55-487e-92cc-c0590e5ac23b	1082	208	null
1563	1bc899f8-120a-43c5-a6a6-2eff9e241e11	1091	23680	null
1564	deb72536-7319-4419-946a-e9b4f473cccd	14800	209	null
1565	69b49456-114c-4bc2-a1a9-b85ab09e42b6	23114	15396	null
1566	01d2ae93-8155-4066-bb51-faabecdcc962	14958	210	null
1567	e496c4ed-3396-4cf4-9141-ebb20933926b	23579	15523	null
1568	f172fca5-e3dc-4963-9d59-1b27e22930e4	14958	211	null
1569	c9a448fb-b5fd-4a1a-81bd-8fa422287671	23134	21614	null
1570	38603ad7-6bbe-4783-9426-7c9f8cad2308	216	10440	null
1571	1dccd345-e950-46b3-ace6-caa280965625	14800	14836	null
1572	5cd20f71-947d-4f59-85dc-e8ad51272eee	1094	212	null
1573	7fa96daf-92b7-4c6f-8fc6-ab20591e6f2c	101	8937	null
1574	a86c8856-f19f-47d7-b26b-d8399f238c14	14961	214	null
1575	cc9f6e76-84ae-4e77-9711-064553fb0773	1091	15400	null
1576	f577fd5b-9d54-481c-937d-c14d414efe92	1095	8342	null
1577	71481504-234e-486f-8d34-c69d20b41da4	14807	15549	null
1578	2c7889c1-5294-4178-8f59-179d84e2a3f8	23580	15514	null
1579	c081d17c-e0e1-422d-b34a-745f409b8397	91	8894	null
1580	3d8e4cf8-aea4-4aa1-b370-27b2c84434e9	216	23158	null
1581	4445bf1e-d24a-4273-b0cd-89a9fa6030e3	8922	8985	null
1582	4c9d0ece-207a-451a-9273-9d9f16fc97fb	14969	217	null
1583	2af3ba8b-f865-4153-bbb0-f225ac25efc0	1089	218	null
1584	77d7d9a2-ad4a-473c-a467-eea9d8158238	14807	219	null
1585	068d2ebc-10b5-41c4-bc98-f827b5af648a	16623	16620	null
1586	529c9cca-6379-4e5c-8915-3ae9bce75725	1082	23290	null
1587	e4f6cf2e-8e9d-49a9-9a5d-5b364cf192ea	1089	220	null
1588	513e13a2-66f8-4fbe-b8f6-733743d260c0	16548	16537	null
1589	fa501c26-e4b5-42e5-83fe-d29446027228	1089	14913	null
1590	a29ff12d-ca79-4e40-8c3e-b5abc6ebe83d	23579	15524	null
1591	8e58abdb-1fbb-448d-98a9-71384d19afc3	14469	15226	null
1592	e4e6da91-3011-4f99-85f1-fc42dfd6b3b4	14961	14169	null
1593	7e381235-3a71-4e79-af21-1468a28fa276	1090	16625	null
1594	d2ae8c39-ac80-4047-af00-0dfa7dd955ec	1083	9389	null
1595	1ddbc81e-5b12-46e8-b633-2351dc8888e8	23114	10203	null
1596	94c2cb80-3a9a-46c2-b0e1-057f8f36fa89	1082	221	null
1597	5b7d0714-04fc-49bc-a4ef-4d800355d724	23114	21627	null
1598	7d4757c5-92b9-42d8-b811-04dea724d07b	14807	12986	null
1599	e5b62f9b-f5be-4814-b01e-8cdea354ad1a	1089	9349	null
1600	fa92d7e7-afbc-447d-8d02-ab9d011853f0	14978	14048	null
1601	45a9f5f5-3ee9-4025-ae7c-5c6ee5422c17	1089	222	null
1602	b6130948-f174-4fcc-a04b-cec9e172ef60	1089	9350	null
1603	88ffbcb8-3c78-4f44-91a2-e6f71810155a	1089	10007	null
1604	afa17fe5-ec2a-4770-9c09-1ed32b666455	1087	15552	null
1605	5bd3b720-81d8-40c0-b3da-65e28e1655c1	14961	14170	null
1606	112cfa37-4552-43c0-bc1e-026ce4e3e349	14969	8784	null
1607	8a87cf87-045e-44de-ba33-6f8f6ce7c254	14969	8785	null
1608	53c9f1f2-16cf-4ae1-a398-9573762fa299	1089	11166	null
1609	7ac527b9-2452-4a80-9b3a-6bd3cb20b4c1	14955	15262	null
1610	7ca93636-d1da-4be0-a001-643bf0abfe49	1089	9347	null
1611	e1072674-740a-45fe-97e6-5124e718f9fb	16548	16545	null
1612	a64afeae-0260-423d-a6ed-cdb4c3bc0e17	23134	15494	null
1613	29260b6b-4019-4ff5-a293-81328186e78e	14992	14925	null
1614	433aec16-e1d0-4a32-9c3e-6955e6402581	14958	223	null
1615	6c88b893-39b0-4cd9-bc16-ce3a94185c14	1089	224	null
1616	07df878b-23e5-4519-9584-f9307a89a8c6	14807	14931	null
1617	a774f52a-550a-4796-abdc-e675bf9fff21	14807	10673	null
1618	a0ea28cb-f7f1-4f68-8878-a035a0ad39ab	14807	10674	null
1619	016e7878-2dde-4156-96ed-86c0a2540670	1090	225	null
1620	9365d458-88e2-4231-bde0-516279e8162e	14955	9751	null
1621	c615c4b4-6463-4c49-9649-9d1c44606196	8922	8984	null
1622	eccebbfa-362b-4d55-bdbc-b663d820fc8d	14807	14916	null
1623	2102168e-b51e-4168-9cb4-5400e68c1eaa	1087	226	null
1624	5b054696-7a13-419f-a43d-bee23bc0efca	14978	14982	null
1625	32f67e06-4910-4276-a1bb-7db8c7f163e1	14955	10273	null
1626	a6e6a515-23ae-4bf2-8a0b-b9d66acabf59	14961	227	null
1627	381a5c0a-8820-4587-8696-529e8438e1b9	1093	228	null
1628	d5e058fe-1d1b-4d63-a580-23f87a480058	23592	13732	null
1629	e9ac87b0-e2a3-4de3-8ca9-d79acb11f40c	120	229	null
1630	f2d11d89-f517-4beb-8104-41b4f9156f16	14965	10130	null
1632	bf61337c-2ca2-45f3-8642-4b45b2745cd4	1089	231	null
1633	a2cc6ecf-f816-422e-a59f-5691eefaff8c	14807	15545	null
1634	3371caab-3c81-444d-b631-3297f0132626	16548	16549	null
1635	25c2d9a8-e32f-4932-a41e-4f023c0574ee	91	21593	null
1636	56b8ae54-cc01-44ac-a632-7495d625abea	14807	13744	null
1637	840ed168-6e38-438a-8055-d3b5f4e38d25	23622	13027	null
1638	49714b53-fb00-4446-ae78-d9d7a82d2ee4	14807	9725	null
1639	8c6b7b4f-f055-45d8-9c95-b1e3c4ec2b97	15453	232	null
1640	d92e1188-fe9d-4ede-8676-7263c266732f	14963	15387	null
1641	8298ac72-6342-4d7e-9fee-047316b17e03	14963	14600	null
1642	a917176b-04df-4a17-b818-13f10c1753ff	1087	15495	null
1643	114c32ea-862d-4a3b-89b1-c82608f8c673	15456	15275	null
1644	5fb75ab8-b8d4-44eb-a70a-53be93468276	23580	15515	null
1646	5d817718-f34b-431e-817d-026e48049c87	1089	235	null
1648	264f7532-bf88-4653-9e78-6ac3226fd020	14969	237	null
1649	efe3602a-5102-461f-a92a-e2b72f0f57a9	23115	239	null
1650	2117519c-227a-4051-9d46-c4c25ccaa1f8	14992	16729	null
1651	3941c2bb-04a6-46a3-af2c-14980f4a742d	14807	10686	null
1652	3437f721-ffab-4e0e-89c3-129482fd3a84	23622	10514	null
1653	2e6b2420-24a8-4ccf-bd76-c3a468c9b801	14807	10506	null
1654	ea33e77c-4f2a-4aad-816c-28c0eb079283	14807	14932	null
1655	3865c784-7457-4647-bc0d-e216d963225b	1089	240	null
1656	888fd4fd-bd2e-4113-bbe0-62f74d816fbd	1089	9957	null
1657	1f0c1b2e-9b17-4135-bcad-465a5988e193	14969	21574	null
1658	a9680148-c74f-4d1c-a9e4-bf82aca20228	14807	14915	null
1659	14340dcc-e488-4ad9-a937-1fdb55303ca5	23134	15528	null
1660	8fc27f11-7d3f-42ab-b3c8-3b15d3de66c9	1087	241	null
1661	19ed1eaf-31fb-471a-80de-9c69de6eb7a8	14807	23145	null
1662	07e9988d-b962-4886-a354-fce21608bedb	14800	242	null
1663	def10644-387a-4b34-86c0-f8c2c284a1fd	79	9966	null
1664	e85694c9-dfb3-4a70-9854-9a9f0a94d92b	1089	243	null
1665	dec9b11a-94e7-44d3-bb57-517bbe399365	14970	14975	null
1666	8fc2ba61-7e34-4eb5-8ad5-612987749023	1090	10432	null
1667	7d891eed-d1cb-4538-bc83-1cbd06e8066a	1082	23292	null
1668	b098a15a-1f3f-4a87-8a3d-de1445b0840c	14807	10691	null
1669	8bb970a5-5eb6-459a-8c12-738985bf7976	1089	244	null
1670	cb85913b-ab4f-4be9-98e6-d2945179484e	1089	245	null
1671	801b2fda-005b-4ce4-bf1d-65e247676cfa	14800	15433	null
1672	af5a7a43-bef8-4be0-b293-8cf86991fe53	1087	246	null
1673	b1392551-5053-40a6-a3cc-da68766441b2	23114	9442	null
1674	a5d62496-c3c9-4404-a44d-738a8ddbeb27	14961	247	null
1675	21172a76-f91f-42b4-8e95-8d95c6cc4cb4	101	8656	null
1676	67fc3a85-b73c-4438-bb96-9b3e0a35fcdf	1089	10161	null
1677	801f5308-696f-4bf8-b257-7fd5d31747c4	1087	248	null
1678	0bbd2d00-81fe-40d3-83bb-202a3f92fd14	1087	10815	null
1679	d6a9e6d8-b663-44ba-b25f-a89a7909a718	14978	14983	null
1680	9553388d-68d1-4a41-b39c-ac5a7a992e08	14807	10693	null
1681	38894bec-8c2f-41f3-af88-e8efcaecd150	14807	16916	null
1682	c4de03ac-43d7-4b87-9597-1db20fe79aa2	14807	13050	null
1683	5f92203e-b35c-455c-9df8-5cdb27520c0a	216	10441	null
1684	2a73836a-6f15-46b8-8313-8cee3cb3e196	23622	13051	null
1685	bbbda1e4-d4e7-40b2-98ab-1f48abb30e3e	1089	11184	null
1686	ef417d4c-dc7e-4159-872a-d3418bf50282	16548	16538	null
1687	da97c833-218d-4cfd-867e-a9524dfabd25	313	22212	null
1688	66a8d2a7-b775-4941-929e-a5f0743a3374	1089	250	null
1689	580e1688-59ca-4a9c-9eff-299b30537d49	78	13894	null
1690	3f7945d4-b279-478d-8546-e7656bf501df	16623	9747	null
1691	6907aea3-e512-486e-a494-ccafdd98528e	23622	23695	null
1692	8e62bfd8-b213-4c97-88cb-dc7df83fc6be	14961	24	null
1693	0cd637a7-08e8-4c6e-b186-c5778e0cbef1	1089	11185	null
1694	6251fb44-798a-4db9-b99d-6558ed16ee5a	1089	11177	null
1695	ab666aab-977f-404d-8241-a9c1a567cec9	313	22226	null
1696	7d721a13-f999-4b36-ba3a-611265921b84	14808	9582	null
1697	024ccd67-d37c-4873-8c5c-c8ab11212cb9	1089	251	null
1698	b188ba1e-a6dd-4e62-b578-05b140ab1360	14808	9583	null
1699	6f1a4b49-3546-4ace-8cb7-479657711397	14969	252	null
1700	e9cc5df2-45aa-4b38-ad0a-4d94dbb77e60	23114	21638	null
1701	c440e641-7feb-486e-a202-9c15d170b8f0	23580	11143	null
1702	adac0b4c-68b5-4403-a470-3336567efa1a	14807	23686	null
1703	978db69b-2ce8-4dbd-a3c8-e8b86d412c9a	14992	15560	null
1704	278c4f3e-2fa7-427e-94cd-44ab9831f34d	101	23617	null
1705	2e191f7b-fd79-4d90-811c-6f00d66882ed	14969	254	null
1706	5ba9cf61-d5db-4198-a375-1a7b2a044f4c	14961	14004	null
1707	902a1d89-6e74-47ca-8456-9cdd990e73db	14967	255	null
1708	6b14366a-99e0-477f-a149-8162c7c5415e	14969	256	null
1710	7e2f8a43-fa0d-464e-ba63-d9d90d026e37	14961	15384	null
1711	fcf2feba-0b4c-482f-a22a-1f4c65419cfc	14979	14843	null
1712	c7f5db6d-46c3-4ca2-adbd-bed0d0dc83c7	14962	14172	null
1713	069cce03-c514-4a7c-98ad-935e6df9504c	14961	9970	null
1714	bf3bc2bd-8f19-4366-89ad-27e3b9d94281	14961	14173	null
1715	587529e2-d223-450c-9cbe-ea5e003f1b58	14961	259	null
1716	02198e45-678f-4438-81b7-a54bd02652f8	23580	13251	null
1717	1859dcfc-6e8b-4e20-b48e-35164779e3a3	23579	21612	null
1718	1339598c-9405-4aae-9962-1a15dacdd9a1	14967	261	null
1719	4249f049-4cc8-4f73-a546-7335017fb936	1090	14658	null
1720	0480e0fd-32f4-46f7-ad74-a69e1337b7c5	1083	262	null
1721	5307aa42-3d25-4c18-89c8-35a6f82e171e	1090	10433	null
1722	a7f5eee0-ec0a-42d0-844d-c2089110a3e2	14807	13767	null
1723	35085d03-9602-437c-860b-366fe82efcba	14807	13768	null
1724	7d334f60-caed-4fc3-b670-f67ef2f72830	14953	263	null
1725	9ccd730d-eeb0-4759-96d5-17caad4e276d	1087	9752	null
1726	1da85e0f-6bd5-4081-9638-a8d5f1147817	1087	10711	null
1727	4e3316dc-7a39-4131-9728-08c1ca14cea2	1087	9754	null
1728	65b15864-b3f0-4d6d-b447-1af7407b2cb5	91	11196	null
1729	d30577b8-321f-402a-93c4-5056b4cf3dd7	14961	9386	null
1730	64cd9cc8-b9a3-4017-a465-2b709b612223	14969	264	null
1731	aae26d76-6ece-4044-b655-f2706f7e5686	1087	10714	null
1732	b555691e-c5ea-48c4-9840-535efd05cab2	91	11197	null
1733	af5a911e-4660-4818-a262-100beb2d900b	1093	8370	null
1734	5bbda8b8-b757-4995-8ec7-6cdb6d62f26e	14970	14976	null
1735	6c2a6ea3-391a-4b76-b854-db9432be55ab	14988	10494	null
1736	02aead07-3241-43b5-a06d-3cccb588de66	14807	265	null
1737	4ccec028-cbf5-4a70-bf59-41355420232a	14965	10331	null
1738	1472545a-1c57-4b3e-a89a-c43f3661538f	1083	266	null
1739	75d27dfc-d279-4fc8-bf5f-98f1f90cb845	79	10507	null
1740	6e079ced-bb6f-4989-a6e4-fa3e5a77eda3	23622	10516	null
1741	a50f4b27-fa2e-463d-9e8f-86703d138941	1087	10744	null
1742	d0dd9adc-9423-49ca-a23f-33591ca29da8	1095	14930	null
1743	2fffe8c5-1f65-4925-98f4-df7f77c474be	1095	14572	null
1744	6aac2907-e1dc-4c29-804c-c0ed296e42d1	1089	9387	null
1745	e4b079da-802b-4243-8496-b16de8d2b01a	1089	9405	null
1746	a10eb5a8-6db2-4a98-bb0a-baf179a2d3c6	1089	9404	null
1747	d8212db7-5e02-4792-8e65-5fee40050971	23115	15558	null
1748	44063423-7dd4-4218-bc9a-caed34a60574	14984	9385	null
1749	011c437a-90ac-4e4b-bc1f-80600895dfb1	14984	15393	null
1750	1aec716c-001e-4e91-9d81-731483d0f297	23622	13268	null
1751	07e562a9-274e-4e60-804f-5ad2d44191f2	1090	268	null
1752	55f2a09b-8767-49e5-ad17-a11cc22b5d04	91	8895	null
1753	67d54d4a-cf81-43e7-85ad-944bbdde03e5	23622	11154	null
1754	714bae06-2b0e-4f2f-8d46-b08c84a4e450	23622	23148	null
1755	1b4c662c-6722-4253-b41d-f67eb6e872fc	216	10511	null
1756	f1d02b53-e034-4de5-9d68-76be1065c52e	1089	11186	null
1757	b8b34de7-8635-4955-ab2b-83eb48f7cda9	14450	9767	null
1758	86617182-0d45-4edc-a0ff-dffac1a63d3a	1089	10158	null
1759	38345c34-85b3-4ab9-a4ef-e46a50f2c82d	1095	8963	null
1760	640e5e6e-31bd-45f5-ae5b-0837acd5c708	14984	269	null
1761	cc2f9d39-e294-4cf3-9e5f-717d96942e98	1093	270	null
1762	b8df9562-ae87-44af-b46d-38095c9b5ca9	1091	15406	null
1763	a8340c6e-e535-4d19-8507-589eb62344b4	14807	9721	null
1765	8433c86b-bb24-424e-a2cb-3db6928eb263	14989	7748	null
1766	54f89627-a095-4091-b1ed-e00c944543fc	14970	22093	null
1767	d3a7ff9a-cc8a-4cfa-a24f-1056083deff8	23592	8976	null
1768	1bc5f851-2458-4c74-b07a-43bfbde2289c	23580	11157	null
1769	fb1c705f-2e6b-4af3-a0da-399ff603b4df	23579	15525	null
1770	10d25769-1e2c-4891-a5e1-b3e3f8261249	23580	11161	null
1771	f7e79ed7-e77e-4fdc-a8d0-62d7e9373a31	216	13276	null
1772	7b5700b5-44b7-4891-b786-957f6e8f57c0	14979	14846	null
1773	f8149198-d86c-4c6c-b5a0-47001d416d9d	15280	15279	null
1774	439649dd-2fde-4436-9a6b-470b8effbebb	1095	272	null
1775	f1b48bec-5a3c-4f1f-a5e3-867d987de5e7	16623	8780	null
1776	e0da7662-c4e3-4ea9-b556-371e9dc86f1c	14961	2	null
1777	95df5516-132d-44c9-8199-6195713762ad	1082	274	null
1778	d73cac0d-e2e1-4e99-b8ca-a29c4ca6f5d4	14962	275	null
1779	fefeace9-9601-4dc0-a53c-852d490078e3	14962	276	null
1780	e8c8ec39-2108-44fc-8399-82a4f23a7ee5	14961	132	null
1781	d541d2f4-1541-4b36-ae6a-8b99d1ee36d9	14969	23767	null
1782	ba0ab406-b2b7-400e-a8f5-6d5895546057	14962	8960	null
1783	75cef435-f935-4b08-86ad-76386b84e42b	14978	8822	null
1784	51825e8a-a011-44e0-8a00-b6dc64159f95	1082	278	null
1785	7c8e62b1-3ab2-4388-b64a-e48f263749ce	14958	23184	null
1786	8f9efcc9-7720-4c5f-b948-4d20607598b7	14961	329	null
1787	c62919fb-f318-449c-9aa9-a0b50112b15a	14807	10719	null
1788	a3beb11a-3684-4b80-adcf-a3faa61aff91	23580	11151	null
1789	fb9b08ce-d530-4efb-a63a-6591bbeb80f3	23580	15516	null
1790	ee510bba-89b6-4d4d-a416-503580a7acbc	1090	279	null
1791	252589bb-e351-4729-befb-2af101c5894d	216	10428	null
1792	d200dec1-bd8e-4319-80b1-b6a6ce833603	1089	280	null
1793	103f2240-dd87-448e-aa39-bd73cd4f865c	14961	281	null
1794	af9bc596-ff71-45cf-98d9-82a448b3b228	14807	9720	null
1795	3cfe5893-4109-4ccb-92a3-5c61385ab6fa	1090	10509	null
1796	c90236e9-0f96-49aa-b0eb-7adae8649cce	14450	282	null
1797	fd9d59ea-f10c-4ada-90f5-16977b37a203	14967	21562	null
1798	6a1b4cbe-50fb-4733-a455-8b5ac9c973da	23592	8975	null
1799	e990682c-10d4-4e2d-87b0-3d184e31c029	91	8791	null
1800	126066b1-5e70-489d-8ef0-5427c827b878	14969	8786	null
1801	1f7de89a-5ae4-476a-a39e-0838e5be1b46	79	13285	null
1802	3e37069b-e20c-43b7-8c33-bc367ecbf09e	78	13286	null
1803	e32f4811-9ad6-40df-8008-5ee2f4f97e1f	78	14621	null
1804	1c3e3bef-ac33-4841-b3f1-5eda189b74bb	14984	15394	null
1805	0a306249-b44e-4f72-b363-fc490a73c634	79	13287	null
1806	cb90749c-1908-43dd-b659-0f63568bf1bb	79	13288	null
1807	2530602b-f831-4464-8b18-49f4a2894629	1089	283	null
1808	0d688fc7-3bc0-4efc-81d0-f265117079ee	1089	284	null
1809	39571139-7c01-4366-b334-1823a84ed743	1089	21552	null
1810	2484cd93-e6ce-4530-b5a0-93e746227e1a	313	22222	null
1811	b83a828c-62d7-4f4a-aee8-9726b6988bbe	78	9371	null
1812	7411632c-9f66-445e-81fa-3180a5866ee0	79	13810	null
1813	8cbf953e-f6fe-489b-960b-1c29d30a7257	14807	13812	null
1814	623e3e6c-2da5-4d4d-b9f7-af4913ddf4a3	14965	9788	null
1815	fdc0bbb4-5c9c-4bbc-b85b-cd575d90de6b	1087	285	null
1816	7ea3ac10-5086-4a14-911b-74c76c5c1fbd	14958	14933	null
1817	2ec6e3c9-dc34-4f85-bd74-becefba339e4	1083	286	null
1818	ad71fa3a-63c7-46a9-82d1-269f8ae55afb	1095	287	null
1819	25492fc1-63d6-4702-aece-75e027b3c412	14961	288	null
1820	98fd5075-2634-4a50-b4ea-ced41ba72e21	23114	10216	null
1821	2d17d006-21c0-47ad-a99a-2600ba90d9ef	78	9365	null
1822	4fbe2341-997e-4cdb-91f3-b9c4a47e7ac1	23622	13301	null
1823	4966fc77-ef10-4314-8ca9-e9503a3b161c	1090	21594	null
1824	3d534323-f22c-4594-a6b6-9f3fab609bd6	23622	13302	null
1825	12c6abbb-bdae-43e8-8201-fbc3312e1b17	14965	9551	null
1826	a45852be-8c1a-4f0f-9f64-8faa7f08ef1a	1087	289	null
1827	ef7c02f3-0125-44fe-86a6-0c790f858351	16548	14657	null
1828	0773a061-0d42-4aa5-a95d-1d3ebfb73b1c	1089	290	null
1829	f9dfd99b-dc43-4637-abb5-3ad028502f53	23580	11141	null
1830	dc8b8be5-5be0-4646-8393-2fede38acb85	23622	13345	null
1831	acbe8881-8713-4e13-af8a-bd85cc3cfabc	23580	11146	null
1832	4fb516ef-dd5f-41b4-994d-e82d7965c6dc	14808	9584	null
1833	bb76f74f-b8b7-440b-a9d2-de340e04a89f	14978	9384	null
1834	a2ee9292-9c8c-4878-aa4d-03563012fb6b	1087	291	null
1835	59cc8376-cf79-48ba-a044-37323b97fbcf	14807	10723	null
1836	add5dd8c-2c4e-4f26-b86a-7210b411ef63	14969	292	null
1837	37938a5f-e1c5-4417-9b80-bd3aa78c5401	23622	13346	null
1838	d9b24f9d-2bb7-46b4-8bae-55d4f2fe0b6c	14969	293	null
1839	4b79f68b-bf2d-473c-9aba-e1d1407b1444	23114	9441	null
1840	32253007-019e-463d-a1ad-ca765e9796b6	1094	294	null
1841	31e3d8b4-83c3-426f-b1e0-fcb31b809a1d	14969	295	null
1842	90bf619e-4db3-4acb-be1a-3c40e19cc84b	23134	11281	null
1843	ffa79e29-d242-44ca-a755-57a906c59358	14808	13356	null
1844	221c09a7-237a-4250-993d-83aca1b27048	14807	296	null
1845	8b2bd0ba-8679-4b87-a24f-8ce067069c6f	14961	14005	null
1846	db5d5149-cd5d-487a-8563-24596a60f3c3	23115	22314	null
1847	c14113d2-bd02-4f90-bb83-d511a1e6ec7a	14969	22315	null
1848	e1fd2505-7dd5-4a56-9f05-6b10eb414f52	14958	16860	null
1849	ffde406b-b0c2-4e18-b777-dab424959c16	14969	16776	null
1850	b7de4034-4f92-497f-86d3-8f0bab98a44a	14958	23182	null
1851	1a098d53-900d-4034-aa2b-84eb5d38a142	23580	21611	null
1852	6dbf30b1-004e-4c0a-a054-bac71677ae8d	14969	22326	null
1853	13fa38ed-d033-436a-b80b-258d95f6b4d4	23592	10538	null
1854	734efdcf-3d99-4f7a-af31-cbda21d73bdc	14988	297	null
1855	02b49ade-70d1-4e78-a711-75c65e865d8c	14808	10740	null
1856	be090b5c-2f18-4325-b88d-70335f667852	14951	14986	null
1857	5d757b84-3540-4562-b2ac-4211b10bf599	1089	11187	null
1858	8ca853b7-3f02-448f-b8e3-1def109afccf	14958	16868	null
1859	1a36fea0-c0a2-4482-9252-793932004a45	14992	298	null
1860	90ad380d-8ef1-428d-baa2-1fe0fc3702eb	1090	299	null
1861	d4e9fa94-d0e0-455e-9b2e-5e25e348f340	15453	300	null
1862	f16fa178-237d-4ab8-b83e-021fb745c3c4	1090	301	null
1863	259d4d16-a0f3-4277-9d77-c41529c3d721	14958	302	null
1864	17554f44-338e-401d-8a22-ebfaa9676c05	23134	10177	null
1865	44c47e5a-c588-4920-b77b-61c77e1a5d32	1091	304	null
1866	b4db0eb5-fe25-4257-a9d1-80fa8f0338ee	14984	15395	null
1867	ed9fcf66-7733-40ce-a62d-39f8f97e733a	1087	305	null
1868	c559d26e-125d-463d-949e-ad4e24cec274	1087	306	null
1869	d70e011c-ec95-4244-82fe-b3b0e1620726	14800	307	null
1870	13463468-5096-41af-ad36-cf1f22b72ee8	14958	308	null
1871	6c430108-4927-4a28-a187-fb019664db28	14958	309	null
1872	8e0729c5-7c30-41ba-bcd0-5b6eb3e356e9	14992	14919	null
1873	009639ac-5bd8-4bc7-9f38-d4002ca1a539	14962	310	null
1874	7a829588-4230-4e3d-9dd2-dbb4e5016041	15453	311	null
1875	082ffff5-3a46-4b1f-a9c9-989ec286325f	14962	312	null
1876	9aa04b8d-bff3-4a17-991a-eac593bce60c	1095	16753	null
1877	ac13fb8f-ab02-4a59-bd2d-fa396cbc8215	15456	15267	null
1878	ac5897c8-1afd-4bf4-9591-25dcba457e2e	14962	314	null
1879	7a526b57-35e8-4b5b-bb0c-236d666b2351	14800	315	null
1880	1c7d8f1f-8adf-4891-b2de-56f14ade2ed1	14961	14006	null
1881	9ac6bdaf-4563-49e0-b1de-a69e0df252cb	216	13824	null
1882	5013ca8b-f235-41e2-85ee-451e8be79486	216	10442	null
1883	d83b3e0b-8376-46d5-b660-d1a62fb251a6	14807	13368	null
1884	db19b958-4535-4abc-b215-42b4122b5f79	23592	13827	null
1885	6505ea7c-5b5d-41ce-8487-90bb7b96c94a	14958	316	null
1886	c50d91c1-7280-45d1-9fd9-ef6e930da4c5	14958	21563	null
1887	9b09d6f9-e076-4853-9cdd-f0d60b8689e7	1091	317	null
1888	97fd5bd6-0276-4f14-9202-8d039f53c8cd	1095	8962	null
1889	6d732319-aa45-4e88-9625-ec22fb8d9733	14958	318	null
1890	1c8e2bd6-871b-42c0-91fc-87deae280410	14807	10731	null
1891	3ab1c249-dd86-4b27-996d-8bb8ca21eb1e	14958	319	null
1892	eea6d9e2-e148-494b-8d12-77a5e290d980	1083	320	null
1893	20a8ddcf-eb49-4e40-9d21-40947ea6abc4	101	8314	null
1894	94fb6350-6494-43a1-8456-9bec5c4ee442	1083	321	null
1895	8f791a5a-f964-4c90-8fcf-28146a27bf17	1089	322	null
1896	1a09173d-0083-4dda-9a26-7d651be15ef6	14800	323	null
1897	514821b6-2013-4ea2-8199-fbc30863fd78	78	9370	null
1898	2ae44df7-c131-44f4-91f3-39a4f7ca7075	1091	23681	null
1899	6f247515-bc6d-45af-bcbd-f8af9ea172de	14800	324	null
1900	137ce205-0c31-4bcf-83a8-864e1a058eaf	1091	325	null
1901	c0c853dd-92af-49bd-ba84-a86ac2d1e5bb	1094	326	null
1902	34bf55d4-dbd1-4597-b846-1feb3c828d58	14807	13844	null
1903	602e78bc-23d3-4b1b-8e6b-0569638cdab6	14807	16751	null
1904	f8b5169e-8c2a-4d17-b27a-d1617d7bb849	14807	9716	null
1905	2763e9c9-fcf3-449b-b6d5-e86ec40315b3	1089	11188	null
1906	4a4fa657-c8c8-4a0b-a4c4-02b4543e3467	23134	15529	null
1907	b321ec15-5d29-43d0-8d98-a7a0c80ebef6	1090	10510	null
1908	e40a7148-62e0-4409-8b02-5e996c1b6c6c	101	8940	null
1909	d324b06d-5818-4a4a-a5ae-e28e3bf5475e	23592	8986	null
1910	eb4766e5-9bdf-43da-8cc1-cfdbf39c2b30	14970	14977	null
1911	66e04cf5-2f7c-4a85-b5f3-173e40ee044f	23114	8317	null
1912	aceb2ec6-3d4f-47e3-99ae-2bb86ce03d1d	14958	327	null
1913	d1b6c43d-9168-4c4e-9aca-df2a8749528a	23622	13405	null
1914	2127889b-b13a-42fb-9cd8-dcec6590bbba	216	10443	null
1915	99fd6e93-d021-4c0e-9268-946a3d48b1cc	1089	8750	null
1916	5ae20e05-bebe-44f5-937e-0813c992f0d3	1089	9537	null
1917	44a1a669-3d82-4173-be98-84256ebf2e68	1089	9958	null
1918	7362a1d4-395f-4a12-a26b-d373865038d9	14807	9715	null
1919	cc4fc29d-fd01-4538-bcae-b90bf8bd7b33	14969	330	null
1920	31b83aa4-bfd9-4994-9467-038da1a5d2ad	14992	331	null
1921	5b288b2e-76d8-4e69-a193-38a93f44ea5b	14969	8787	null
1922	3d4ccfc5-ba08-4ae9-a354-539446e05f8b	14971	332	null
1923	3b16cb21-a34c-4e66-b944-031aee6a1d31	189	47	null
1924	24a08fd5-f1aa-420b-b252-4e6885c34614	189	128	null
1925	d29ded46-8e88-4fe6-b352-8cee79e0df17	189	148	null
1926	b4e95f1f-dac2-4f52-a5e7-5e4c0428edc6	189	249	null
1927	d028b4c9-26b5-41cf-8354-045fe2fd7d1e	189	258	null
1928	94e19622-2f9f-4b6c-89e8-922036fb0ffe	257	9354	null
1929	607aca30-cd58-48a6-a510-60e04d371158	257	9355	null
1930	1bd405cc-eeee-4382-8efb-f1004523b01e	257	9356	null
1931	e12cb8c0-3a0a-4c59-b554-6bcd631ade76	257	9357	null
1932	2815f78c-a796-422d-811c-b2b5d56ff4f5	271	9361	null
1933	c513d2d9-2168-4439-aa67-01f76e60ce53	271	9362	null
1934	8fbe0f15-d7a2-4680-85c4-044878ec8480	109	9363	null
1935	29908931-2b49-421d-b2be-1ab09876d9b2	271	9364	null
1936	a6f55c8e-060f-444a-9c8b-f9627a463cac	77	9366	null
1937	73bcaf5a-7702-40ac-914e-cac855c60cd1	77	9369	null
1938	70157b08-7154-4529-bbc8-ad043941ea43	1080	10408	null
1939	4da1a44e-30c9-4ddb-a7a2-bacdd4d1409b	10587	7861	null
1940	a9dff803-6207-49db-8b96-2f405134ac1e	10587	7983	null
1941	45fbd87a-cbdf-44e5-944c-97b6b8b6745b	10587	7985	null
1942	8bd324a7-a5ba-4df2-8d42-a640d4cec05e	230	8307	null
1943	b9ec2f50-2271-4984-bcd9-c4295994715d	230	8748	null
1944	c44b3ab6-dc5f-4b53-8e35-7b54bf37e2fb	230	8756	null
1945	4f953259-ab2a-49d9-8212-0a1b1b176da7	108	8763	null
1946	34caba77-345c-4684-bbac-4a94031dd150	108	8764	null
1947	a469ab65-54ab-4ae4-a65c-083adb8117cf	108	8765	null
1948	9ce7cc41-842a-4c56-83f7-638bd13f8c7c	108	8766	null
1949	5780b67c-b538-40bb-ab94-9e15bd22f24a	116	8788	null
1950	24fc7038-aab5-4716-bb43-683cbb113469	236	8794	null
1951	84e31284-7d4d-497a-aefe-69e28b228c47	230	8795	null
1952	0564446c-c74c-4757-9043-0b8f29932865	236	8796	null
1953	2ed2d476-7fca-4a6e-8e93-83597176e597	236	8815	null
1954	bd266a78-68ce-4a8e-bb52-d1d5bceb7520	230	8816	null
1955	54dcd7cc-cd2c-4849-b834-3de1e67865f3	236	8820	null
1956	a90ff7d8-2589-4422-953e-86b32b752fa9	108	8867	null
1957	1d4510d4-9a4d-41ea-864f-57bcfcb28707	108	8868	null
1958	5c6653a6-cbbd-4ced-860e-9a04cf812922	108	8869	null
1959	b34f87d1-7c4b-40e2-88e6-caca36b6f5fb	108	8870	null
1960	f69ba064-deeb-48e6-99f4-e66e96e9bb6f	108	8873	null
1961	3e871efb-4e89-4f52-848d-2b9a3f0aa0f0	230	8942	null
1962	b9fc2853-ea41-4e99-b225-b39a40a00a7d	230	8943	null
1963	45ac2144-b535-409a-8478-0330e587831c	230	8944	null
1964	68224bb5-f42c-40cc-946b-c42f4f8bae7f	236	8945	null
1965	82df8a47-707e-4ebd-805d-8bd0df0966a3	236	8946	null
1966	d1eec7b4-42ba-4c06-98fc-08a06e9ca237	236	8947	null
1967	4c7494d4-0b05-4c59-aacb-982a761936e0	236	8948	null
1968	e26b471e-7740-40bc-884b-feec330d4e22	230	8953	null
1969	907aba1b-7a09-4b90-920f-33745f9b90b3	236	8954	null
1970	27c513fd-4791-4ce6-92d2-2f409c12fce2	236	8999	null
1971	62fa98a3-43fd-41c4-9315-aab4b10dbdde	236	9000	null
1972	256cc974-3989-4c1d-88fc-4ede6114410b	236	9001	null
1973	7f138977-37b2-4b36-8089-5a90fad3e4f8	1095	9228	null
1974	dc9a8290-1619-441b-a59a-bf7d4f58afba	59	9323	null
1975	4edbb774-e928-4ed6-8ebf-a65db12a3124	59	9324	null
1976	17107abc-54fd-4d70-ae93-056bebee522f	59	9325	null
1977	36f2bd71-e53b-4b53-af38-fcfa25fb9608	59	9326	null
1978	eb3d98c4-7190-4113-b696-2008df6fad03	108	9327	null
1979	48d1a26f-acda-4c9c-9622-5315697b1203	77	9328	null
1980	98dd640f-080b-49e5-bb84-5c3c477677e9	77	9329	null
1981	2b60c349-cbfe-4101-9b09-833a8d8b91b3	77	9331	null
1982	07f33263-37ce-467e-a73d-01dc17de9e4e	271	9345	null
1983	7e432950-75eb-485a-833e-73a3da38a69b	77	9346	null
1984	ab4846db-cc76-4630-80c0-f99cf66c5420	117	9382	null
1985	48113839-db5d-4c89-a13e-cca1f12ac359	189	9408	null
1986	7e9fca7b-aa30-4998-a098-57ba1656fc3d	176	9414	null
1987	8aae9532-465a-417d-b8ed-904fce1b065b	176	9415	null
1988	87bec099-6d48-4d73-bd4d-3ab5899b2d24	116	9431	null
1989	ce2ccc75-56fe-4cb8-b0a6-658bd0b340f1	117	9433	null
1990	d22d5010-8712-46e1-ba49-bc95bc51a4d8	117	9434	null
1991	33fb941b-338e-4141-a5d2-876c79d35c1a	117	9435	null
1992	1a73a436-0560-4721-9f72-f40b2799b1bf	117	9436	null
1993	c08899bf-6b1d-43f3-8cb8-667e98dfd5ee	117	9437	null
1994	4a3be189-be34-4985-ae0a-46259ef9ce4e	117	9438	null
1995	396c95ff-6edc-4641-a604-a32f13ccf8f5	1089	9445	null
1996	a127a240-ceb4-43fa-9170-3d40254425b0	117	9536	null
1997	557cd369-8eb9-4949-a688-c473073c8ca0	117	9748	null
1998	41450356-2f4b-4b58-8162-e2f8f0c41baf	117	9749	null
1999	b261dbc3-ff62-4e8d-8a4b-32200f842e6f	116	9759	null
2000	2d0b5c13-e0d2-413a-a9ae-a89fa5fc7a96	189	9789	null
2001	80aad9e2-02c4-47fc-9191-1b49d5a317f3	109	9794	null
2002	4ab8aa87-ebaa-4588-ab69-8e3fb8aa82fb	230	9835	null
2003	61641c7a-09a2-40b4-9b56-10d621a0be6d	1095	9959	null
2004	99e816d2-3d9c-48c3-9ba9-9e619d9b2e04	1095	9960	null
2005	6b4189a4-3432-4034-b7ca-8b53993b3071	108	9961	null
2006	317747b6-5b2f-49cf-bb18-dd779cca8359	108	9962	null
2007	3dd1e4af-ce12-4719-81e3-0c7f870afacc	108	9963	null
2008	24b1aba5-f1ed-4f98-8950-33fd1912ab29	1092	9964	null
2009	9d8965ce-bba5-4d1b-89fd-942bff72ab35	1092	9965	null
2010	cf92fa7f-492f-41a4-a94a-3e47cd6e84d4	16548	9973	null
2011	958aa52f-a3f1-4422-8249-35164aec7b08	230	10006	null
2012	4fafb1d5-04be-41bb-8e5e-b2643f04eb39	236	10018	null
2013	86c9958d-417e-4f36-a92d-425033d22433	10587	10061	null
2014	b505067b-6761-45bb-ad31-a9df5196887b	236	10121	null
2015	9f0f3d0c-63aa-4a12-a242-c98916041927	236	10122	null
2016	a6bc08ef-cedf-4d1a-a594-508835a01740	236	10123	null
2017	62c69ab3-6a20-4ff9-8eb1-3bb7112f8741	116	10151	null
2018	c04e573c-6f14-4d78-80e3-2d66c42d654d	116	10152	null
2019	bc43c8fd-1772-425a-985a-f42da55c2b3e	116	10153	null
2020	34056053-0bdb-404b-a029-d245a5c0dde1	116	10162	null
2021	55eb6107-bb5f-48eb-97b3-0239f4f82b09	230	10165	null
2022	2e646356-a6fd-4594-87ef-0e18e3a55f73	108	10174	null
2023	474c4b81-b513-434d-b6af-a35a64af17ac	108	10175	null
2024	57424b12-d50d-4dde-a3fc-0f95c2245982	77	10189	null
2025	d7246fdf-cd01-4e60-986a-d3f8714f4509	277	10210	null
2026	6cf8c1b5-2a37-4e35-9c1c-cb3b74d1a23b	277	10211	null
2027	bd6b4690-9c1b-4c1f-a1c5-1c72084fec11	277	10213	null
2028	e0e1118d-2367-48e7-b293-a1308331726a	230	10231	null
2029	3c0e86b8-e1e4-4d37-938f-02fce0dbe0cc	230	10234	null
2030	385441a2-1e9b-442c-b0d7-2cf7ec4104aa	236	10255	null
2031	e166265f-4f41-4e14-a93e-a2514abe572b	277	10275	null
2032	871ed908-8130-4e34-8b6a-504efd6cbc06	277	10277	null
2033	efcb65df-d7e9-4d9b-b175-3edbce571308	236	10315	null
2034	7ebece19-4823-4ffc-b94e-391379401262	236	10316	null
2035	c3def55c-9ce0-4911-beb7-fa915f009136	77	10328	null
2036	d1093f1d-1307-4225-80ec-81f9b418b259	77	10329	null
2037	b6905599-d58e-4068-9781-b37c0800c9df	77	10330	null
2038	710517c9-fe79-4ac1-beeb-23681a4073d8	108	10336	null
2039	24a6357d-56cc-45df-93e5-43800f17ead0	108	10337	null
2040	a0adfd53-9fba-44fd-ad19-68196314c773	116	10340	null
2041	02e81173-a251-475d-a299-39fe26412117	236	10480	null
2042	3ee9c7c8-e4d0-463d-8d9a-3f0ca1db53a9	236	10481	null
2043	1487f2e7-7791-413a-b493-5da825587ad2	7757	10495	null
2044	220d83cc-99f7-4220-9d47-8219b012f624	10587	10592	null
2045	31065220-6d9d-495a-b301-3203899a659c	10587	10677	null
2046	2ad49ff4-de68-47e5-a256-4331d457eac0	108	10757	null
2047	e0134898-c0a5-41bf-afc5-5b0bc0890096	59	10758	null
2048	605bfe5b-f9df-45b1-ac33-9546e5218cca	59	10759	null
2049	f9c281fe-8bb9-4832-bd38-d973a2226d63	277	10763	null
2050	b1e7252e-94d3-463f-9261-22c05ace4680	277	10764	null
2051	aec398b9-d703-4777-a0a3-c686943ec1a3	277	10765	null
2052	613d0379-f66e-471f-9300-37ecbae99adc	277	10766	null
2053	54904b2b-c713-477e-b7c1-7c95e2059bd1	277	10767	null
2054	79ff9ebf-88f2-4085-94e0-0a85f45ab47f	277	10768	null
2055	c0181968-a286-4aba-8e26-3c1c693ba8ed	236	11167	null
2056	1a33e25c-fdab-491a-8fa7-c83b71abdb60	1087	11209	null
2057	6b731345-86ac-416e-bb8c-84f413c0a051	236	11215	null
2058	d28b3e85-f00f-465e-9795-7e37a3a079b3	189	11217	null
2059	a73353ef-9c15-49c0-bf4c-494abe707031	176	11254	null
2060	a880dcea-2790-4668-9c8d-04bc0f070e62	1089	11266	null
2061	98afdc8a-c8f8-4489-9b92-52f4085cd404	23592	11456	null
2062	00a3abe8-a161-4c83-b8aa-8e507577db1a	189	11618	null
2063	0d2eac43-cf96-4e8e-8f07-ce1bc24798b1	230	11844	null
2064	017055b6-b131-4b33-a9bc-1fe04665b314	230	12097	null
2065	d5e8e33f-7f1a-4d3d-a02d-2ec63e713c97	10587	12156	null
2066	eab0c57d-2e39-47d4-a6b0-5cacdf576b3b	236	12267	null
2067	1b49eb0f-338e-42fb-a3a4-23fd56788da3	277	12275	null
2068	c8a8901a-8cc4-471e-ab37-cbd2a45e8d88	23592	12283	null
2069	a371b4ad-080b-4f19-a5fc-c17ed66202ff	10587	12398	null
2070	de9a9760-f0ee-4e9c-a0ef-c67be1e06190	230	12402	null
2071	1b23c23f-b09e-43d3-8d76-4787be87e2d6	230	12872	null
2072	8dc19f1d-53db-47f8-bd1c-bb3e21345f92	277	12873	null
2073	2ef62659-bd7c-4796-a479-d8a7ac089d49	10587	12886	null
2074	db332168-05c1-440e-98bc-d8aef0c75ff2	230	12913	null
2075	e88f06d7-8a00-4e31-8548-8118c7ffeab6	236	12914	null
2076	02a3f1ce-c4e1-4600-8a69-b4ac1d33a9f9	277	12927	null
2077	f232fc1f-aa1d-44e1-81bc-b67e1a33ca62	10587	12942	null
2078	5ef625ee-f3a3-4904-8f43-b92e1df99e6e	271	12962	null
2079	58d22d38-1dc7-4d1e-8c75-35e225efcda5	271	12963	null
2080	d0caeab5-cbd4-49f7-8c66-d3c0be88af35	10587	12971	null
2081	fba45684-bace-4d6d-8e1b-43bd7d9c82ec	189	13004	null
2082	a1d3e990-9551-49e7-8eee-726a9e79af29	236	13006	null
2083	06d99407-35c8-4a9c-98af-a518931faaa6	1095	13048	null
2084	e4a13e98-d78a-449a-8f44-c4a598751544	108	13241	null
2085	3e027d90-1227-46d5-8e82-a0d490e303a1	236	13297	null
2086	0f980b7f-3bc5-4198-a1d9-60454c607a6c	16923	13581	null
2087	27a7c08a-57a7-4c05-ab7c-7cae26e9b20a	271	13873	null
2088	cc98d75d-3ed9-4e4d-a252-9bb7d7a5fa24	277	14994	null
2089	df59467a-76c5-4e5e-b58b-66c992a96bb1	271	15174	null
2090	ee999e58-ba33-41cb-9a8b-2558c8a93407	189	15194	null
2091	e7c3500e-e353-4984-9240-6798e44e352b	189	15198	null
2092	eed1ff4a-4f62-498c-bb60-1a52dad556bb	189	15199	null
2093	e51a4b57-1730-4be2-9311-fa8990cee66e	189	15200	null
2094	b3bb1bad-8c11-4331-bab8-eb8dee54d6bb	189	15201	null
2095	ff86a5ef-f5bc-409a-b784-7136e640f07f	189	15202	null
2096	5d0a6cc6-7dfc-4a54-b796-384524087162	189	15203	null
2097	32fc4869-0280-4a02-9814-af975b65df38	189	15204	null
2098	df3f6921-4b86-4b72-b65f-3d2025758b36	189	15205	null
2099	08ba1226-c1eb-49ae-ad34-2fc901202879	189	15206	null
2100	86f5fb13-1df9-4767-a76f-17939b0fe78d	189	15207	null
2101	49f66c00-47e0-4c2b-b467-2d9b651def16	189	15208	null
2102	9babcee1-2e0a-4c3a-a164-8591f904ca88	189	15209	null
2103	6f9b0d6c-b6d1-4aa0-bada-9b45e129683d	189	15210	null
2104	0601f433-eb93-475a-abfa-8bf9c14354ff	189	15211	null
2105	baa9e688-d2ef-4451-aa83-44cec3dab4dc	189	15212	null
2106	72cfd4f9-fe36-46ce-a1d3-a680357e7d4f	189	15213	null
2107	accebceb-efda-490b-99e4-62f9ccd55219	189	15214	null
2108	9a1ccfcd-eed3-4b9c-bf80-81fe686e87a0	189	15215	null
2109	345c2cd9-2cec-4205-a977-6264b9b31fc9	189	15218	null
2110	412d306f-c124-4d33-bb1b-6f4f2adf4304	189	15219	null
2111	2de64e08-9c30-4306-87b7-ef1dbe4c2224	189	15220	null
2112	4d201067-64c7-49be-9bb5-d2f665b96202	189	15221	null
2113	d8f44729-5a66-458d-8c3d-f5f1833feecb	189	15222	null
2114	88be7a84-20c6-42a4-a496-635ff313c4ad	189	15223	null
2115	318db8ba-7a03-4f5a-9540-b6f0e813ffeb	189	15224	null
2116	e816e331-289d-4d6c-aefd-74bab6a4111b	189	15228	null
2117	c4e281d5-91c6-4a09-9559-c61e2fc32607	23579	15526	null
2118	afdd13b0-aa02-44ca-b9e8-2c1acab16ea3	10587	16660	null
2119	6ed22f8d-21b3-4101-a866-b99a96392743	236	16683	null
2120	3d4f8788-d946-4024-a69c-ea2e16d84331	236	16694	null
2121	06862726-ffe1-42c1-97c8-959c62325277	236	17215	null
2122	bcc58fc8-bfd6-406b-be1a-97ddb1693fe9	109	17239	null
2123	187da3e7-48b7-4593-b8f8-795bd5e1fcfe	257	21554	null
2124	ed45036f-4a10-4e05-a1e1-2b304ee69bd5	117	21626	null
2125	79fbfbaa-a7a9-415f-a6c4-3feb10079122	116	21628	null
2126	44bcb96e-dfcd-4908-9aed-1617868949e6	116	21629	null
2127	9fe0d5ca-f088-4d7e-92af-b47e3a14f9c2	116	21633	null
2128	631b1d1c-abfa-4957-a9ca-edb09fa3a305	116	21652	null
2129	64d6eddf-cbc1-4068-852e-ae4cd983c018	236	21771	null
2130	d5bd44ff-6e16-4cdc-b028-3669aaa559c9	189	21779	null
2131	db73d83e-f251-401f-bcbc-109c9eb06774	189	21927	null
2132	79457c70-c4b6-4e89-b56b-b3f2df75dd6e	109	21928	null
2133	8b2fbe80-dbcb-4831-a6e9-c5cb6f125d4b	22122	22123	null
2134	a0745d56-f33e-4475-ac5b-1029c23dd1cf	22122	22125	null
2135	bd000d95-017a-4203-8393-139a16a769f8	22122	22126	null
2136	72f83a40-756e-456c-9a44-b526fa742b10	236	22562	null
2137	65ced61d-66e7-4e93-a15c-7f31526a5d5e	236	22563	null
2138	5ca863b5-a07b-42ae-bb19-059384e2ecdc	7757	23203	null
2139	d8d6f4b3-8fd4-40e1-9f0b-40d055705286	7757	23204	null
2140	0bb6a718-71f6-4c7d-8dad-30ec147efbfc	7757	23205	null
2141	3fae1b46-18a7-4284-bea0-6078c84093c7	7757	23206	null
2142	8dd879a0-3dd6-4bf0-8cb4-4890e362df23	7757	23207	null
2143	891a14ce-e5b1-407b-b388-db6ad00b6492	7757	23208	null
2144	75f554b6-3a8b-499f-b3c2-593d605844df	117	23247	null
2145	fc63ee3f-9db8-4cfc-827f-86c0d9645b01	1080	23726	null
2146	972cffb9-851c-41f6-8f3d-17a15a687393	189	23742	null
2147	7bbe8922-3d6f-405b-bf05-3ffecc2a33c4	230	23758	null
